Images\00000PORTRAIT_00000_BURST20200112193145840.jpg,"[113, 63, 88][181, 179, 192][88, 49, 70][56, 45, 53][136, 92, 117]"
Images\00000PORTRAIT_00000_BURST20200123092647375.jpg,"[147, 139, 102][127, 125, 130][87, 83, 84][193, 191, 194][106, 100, 74]"
Images\00000PORTRAIT_00000_BURST20200523193045802.jpg,"[213, 209, 200][156, 154, 157][117, 104, 98][173, 143, 133][66, 53, 44]"
Images\023.JPG,"[109, 122, 138][75, 125, 160][177, 166, 162][58, 74, 74][141, 198, 241]"
Images\028.jpg,"[140, 176, 208][150, 150, 150][174, 178, 179][228, 231, 236][199, 203, 206]"
Images\032.JPG,"[78, 96, 108][133, 116, 96][100, 162, 237][123, 139, 152][145, 202, 245]"
Images\036.JPG,"[133, 133, 135][85, 98, 104][33, 32, 30][207, 225, 229][52, 56, 59]"
Images\10295222_873765872664447_6139990852376371238_o.jpg,"[49, 49, 47][44, 47, 40][27, 27, 27][3, 3, 3][62, 70, 55]"
Images\10608430_843944268979941_2106562515853277705_o.jpg,"[194, 210, 243][129, 165, 189][88, 167, 198][123, 120, 131][50, 133, 163]"
Images\10808073_10152947091749758_938191433_n.jpg,"[189, 205, 230][235, 216, 176][252, 201, 96][225, 149, 39][135, 66, 37]"
Images\10991612_870902366284131_4698480174384260508_o.jpg,"[164, 185, 216][39, 74, 102][214, 117, 66][49, 101, 140][100, 139, 168]"
Images\11080717_898573953516972_7426226399171102221_o.jpg,"[89, 159, 211][112, 161, 204][79, 48, 28][149, 183, 211][190, 159, 138]"
Images\130.JPG,"[55, 55, 55][42, 70, 91][57, 95, 118][144, 150, 150][109, 110, 112]"
Images\134.JPG,"[125, 194, 249][76, 140, 212][97, 171, 236][56, 116, 186][166, 214, 250]"
Images\151.JPG,"[68, 66, 69][32, 46, 55][38, 36, 37][173, 213, 248][119, 122, 127]"
Images\167.JPG,"[217, 192, 136][211, 184, 131][202, 170, 113][152, 150, 151][223, 192, 138]"
Images\168.JPG,"[150, 155, 159][70, 68, 69][98, 98, 98][219, 221, 220][47, 46, 44]"
Images\191662_185181388189569_5408132_o.jpg,"[167, 201, 226][171, 171, 171][185, 202, 220][145, 162, 180][128, 144, 160]"
Images\1973808_898573550183679_2250749955249535106_o.jpg,"[135, 114, 95][151, 171, 198][187, 136, 79][61, 56, 53][101, 69, 46]"
Images\199295_190864547621253_5692184_n.jpg,"[105, 132, 125][165, 177, 177][128, 149, 152][145, 155, 164][75, 88, 58]"
Images\20180330_110320.jpg,"[103, 111, 122][227, 227, 239][77, 60, 79][143, 145, 157][148, 183, 215]"
Images\20190930_073643_HDR.jpg,"[42, 67, 98][73, 103, 141][148, 177, 207][95, 129, 175][70, 69, 75]"
Images\20190930_074642_HDR.jpg,"[114, 130, 143][136, 173, 202][67, 80, 88][109, 152, 197][176, 205, 219]"
Images\20374544_1662578057116554_1637137420869184549_n.jpg,"[168, 166, 179][207, 205, 216][169, 178, 185][120, 142, 155][230, 227, 234]"
Images\20375763_1662578293783197_1004899797856233976_n.jpg,"[191, 203, 203][128, 143, 164][60, 81, 102][45, 48, 41][113, 141, 129]"
Images\418367_348266635214376_1664956444_n.jpg,"[101, 85, 59][173, 153, 116][193, 203, 213][137, 130, 122][143, 126, 96]"
Images\419921_348264711881235_311969887_n.jpg,"[87, 89, 40][161, 149, 137][127, 110, 94][123, 117, 103][90, 79, 59]"
Images\B8A1453C-7647-4A05-99CE-F30C6CBE8224.jpg,"[168, 212, 237][84, 89, 95][113, 134, 155][219, 219, 229][62, 88, 121]"
Images\FB_IMG_1455783195460.jpg,"[121, 156, 186][104, 134, 160][79, 101, 125][131, 182, 229][99, 111, 127]"
Images\FB_IMG_1455783223655.jpg,"[142, 155, 163][178, 164, 151][62, 88, 105][32, 60, 81][127, 129, 128]"
Images\FB_IMG_1455783240938.jpg,"[161, 196, 224][128, 144, 160][188, 205, 223][150, 167, 185][170, 170, 170]"
Images\FB_IMG_1457884575090.jpg,"[176, 199, 230][212, 233, 238][116, 142, 177][68, 88, 121][16, 16, 14]"
Images\FB_IMG_1457884701891.jpg,"[151, 162, 132][127, 137, 103][112, 122, 85][162, 186, 188][96, 103, 70]"
Images\FB_IMG_1475824155288.jpg,"[222, 217, 198][169, 176, 186][128, 123, 117][52, 58, 58][162, 158, 146]"
Images\FB_IMG_1479079793718.jpg,"[69, 68, 64][149, 146, 141][111, 110, 106][89, 87, 88][108, 103, 107]"
Images\FB_IMG_1482187169019.jpg,"[52, 50, 35][114, 102, 88][173, 162, 144][234, 235, 230][31, 28, 19]"
Images\FB_IMG_1488051403542.jpg,"[140, 203, 194][47, 67, 40][127, 167, 203][157, 196, 175][152, 215, 206]"
Images\FB_IMG_1494231001342.jpg,"[148, 150, 145][94, 89, 83][66, 70, 43][131, 183, 241][58, 57, 55]"
Images\FB_IMG_1548043220233.jpg,"[102, 120, 124][137, 154, 100][82, 100, 48][191, 205, 190][46, 65, 19]"
Images\FB_IMG_1548043233268.jpg,"[48, 50, 29][121, 121, 113][79, 81, 76][194, 202, 213][243, 243, 241]"
Images\FB_IMG_1548043245026.jpg,"[238, 239, 243][132, 98, 99][182, 157, 160][162, 163, 167][96, 98, 110]"
Images\FB_IMG_1548043250547.jpg,"[200, 169, 167][158, 66, 77][114, 74, 38][140, 94, 71][88, 50, 27]"
Images\FB_IMG_1577220412468.jpg,"[63, 68, 48][227, 237, 228][132, 139, 147][222, 222, 234][119, 124, 68]"
Images\FB_IMG_1577220441893.jpg,"[99, 119, 117][86, 102, 40][53, 71, 29][110, 129, 65][168, 195, 202]"
Images\FB_IMG_1577220478575.jpg,"[102, 102, 74][69, 65, 62][68, 68, 40][204, 200, 201][43, 41, 26]"
Images\FB_IMG_1577220586860.jpg,"[137, 148, 152][160, 165, 158][90, 90, 82][160, 174, 174][206, 220, 233]"
Images\FB_IMG_1577263520135.jpg,"[229, 233, 242][78, 99, 40][112, 122, 72][106, 110, 77][52, 70, 32]"
Images\FB_IMG_1577263524251.jpg,"[123, 152, 98][74, 87, 70][82, 113, 53][211, 219, 204][35, 37, 34]"
Images\FB_IMG_1577263528722.jpg,"[64, 71, 77][121, 121, 133][173, 177, 152][206, 216, 226][116, 130, 77]"
Images\FB_IMG_1577263543615.jpg,"[2, 0, 6][21, 16, 13][43, 40, 25][123, 117, 69][1, 1, 1]"
Images\FB_IMG_1577263571334.jpg,"[133, 129, 128][246, 248, 243][104, 95, 98][113, 108, 105][55, 55, 53]"
Images\FB_IMG_1577263574272.jpg,"[90, 97, 66][115, 118, 107][43, 52, 35][69, 74, 54][204, 227, 245]"
Images\FB_IMG_1577263583268.jpg,"[107, 143, 105][92, 123, 92][65, 89, 57][79, 105, 76][191, 223, 202]"
Images\full-imagedfg.php.jpg,"[48, 47, 42][118, 113, 110][150, 145, 142][88, 83, 80][172, 178, 174]"
Images\GPTempDownload_Original(1).jpg,"[56, 64, 51][112, 106, 84][73, 90, 118][146, 142, 133][191, 182, 183]"
Images\GPTempDownload_Original.jpg,"[124, 125, 107][95, 94, 74][124, 140, 156][189, 190, 182][183, 137, 124]"
Images\IMG-20160208-WA0026.jpg,"[47, 28, 22][163, 105, 94][16, 21, 24][71, 86, 105][110, 81, 75]"
Images\IMG-20160608-WA0000.jpg,"[125, 101, 63][166, 93, 58][83, 69, 32][69, 36, 19][216, 153, 112]"
Images\IMG-20160909-WA0007.jpg,"[65, 40, 36][32, 33, 28][114, 59, 65][96, 96, 94][207, 178, 162]"
Images\IMG-20170312-WA0010.jpg,"[66, 69, 48][60, 62, 57][87, 92, 85][170, 175, 169][251, 255, 255]"
Images\IMG-20170401-WA0001.jpg,"[176, 132, 121][179, 174, 178][112, 132, 167][75, 84, 89][102, 51, 47]"
Images\IMG-20170622-WA0001.jpg,"[212, 180, 167][79, 61, 57][150, 135, 138][132, 164, 215][167, 125, 111]"
Images\IMG-20170905-WA0002.jpg,"[58, 42, 42][121, 155, 190][87, 106, 121][124, 114, 122][187, 189, 175]"
Images\IMG-20170905-WA0004.jpg,"[180, 143, 127][95, 127, 178][74, 52, 54][129, 163, 200][84, 99, 130]"
Images\IMG-20180421-WA0008.jpg,"[166, 170, 156][143, 147, 130][70, 70, 60][112, 111, 109][158, 150, 148]"
Images\IMG-20180421-WA0011.jpg,"[61, 60, 40][113, 110, 91][198, 192, 178][51, 51, 51][60, 67, 73]"
Images\IMG-20180520-WA0000.jpg,"[106, 68, 59][124, 90, 80][159, 125, 116][40, 25, 20][207, 184, 178]"
Images\IMG-20180603-WA0020.jpg,"[94, 114, 125][109, 177, 226][3, 18, 15][117, 119, 79][171, 206, 244]"
Images\IMG-20180628-WA0006.jpg,"[71, 69, 70][20, 19, 24][13, 13, 15][43, 43, 43][26, 26, 28]"
Images\IMG-20180729-WA0017.jpg,"[162, 190, 202][125, 122, 81][78, 89, 73][91, 116, 121][122, 148, 163]"
Images\IMG-20180909-WA0015.jpg,"[51, 60, 59][125, 111, 102][109, 135, 162][169, 162, 154][60, 129, 194]"
Images\IMG-20181014-WA0011.jpg,"[166, 183, 201][58, 69, 35][123, 112, 120][105, 115, 116][204, 184, 149]"
Images\IMG-20181014-WA0015.jpg,"[79, 78, 74][45, 45, 43][177, 176, 171][132, 129, 120][241, 247, 245]"
Images\IMG-20181024-WA0010.jpg,"[191, 187, 160][175, 161, 124][157, 170, 163][84, 94, 96][188, 202, 215]"
Images\IMG-20181026-WA0021.jpg,"[114, 129, 152][69, 97, 136][82, 93, 111][168, 188, 221][33, 50, 76]"
Images\IMG-20190527-WA0004.jpg,"[211, 222, 240][73, 100, 121][188, 205, 233][138, 156, 176][239, 244, 248]"
Images\IMG-20190529-WA0006.jpg,"[95, 105, 52][103, 103, 103][35, 33, 47][121, 176, 173][145, 145, 145]"
Images\IMG-20190630-WA0008.jpg,"[155, 132, 126][40, 41, 46][115, 100, 95][147, 144, 137][191, 174, 166]"
Images\IMG-20191004-WA0033.jpg,"[190, 132, 92][117, 105, 89][187, 176, 148][79, 65, 64][152, 180, 219]"
Images\IMG-20191004-WA0085.jpg,"[132, 116, 67][92, 76, 42][111, 76, 70][155, 153, 156][108, 108, 100]"
Images\IMG-20191004-WA0107.jpg,"[166, 149, 121][109, 112, 55][73, 72, 68][159, 173, 182][124, 134, 126]"
Images\IMG-20200308-WA0001.jpg,"[212, 210, 213][94, 78, 55][190, 178, 156][161, 144, 116][135, 120, 87]"
Images\IMG-20200308-WA0001~2.jpg,"[121, 94, 77][161, 129, 106][166, 142, 132][221, 227, 239][208, 190, 180]"
Images\IMG-20200524-WA0010.jpg,"[93, 102, 99][223, 218, 212][65, 81, 44][121, 130, 111][35, 47, 37]"
Images\IMG-20200712-WA0037.jpg,"[124, 119, 113][152, 145, 137][175, 170, 166][211, 219, 230][83, 80, 75]"
Images\IMG-20200712-WA0050.jpg,"[33, 60, 79][107, 108, 100][111, 133, 156][42, 61, 42][177, 193, 209]"
Images\IMG-20200712-WA0062.jpg,"[153, 150, 141][129, 143, 107][157, 77, 50][88, 98, 64][233, 231, 232]"
Images\IMG-20200712-WA0070.jpg,"[159, 150, 141][139, 132, 124][177, 169, 158][116, 108, 97][196, 197, 201]"
Images\IMG-20200825-WA0009.jpg,"[99, 94, 91][160, 163, 154][107, 125, 113][94, 108, 137][64, 71, 79]"
Images\IMG-20200831-WA0007.jpg,"[102, 119, 139][203, 212, 227][59, 72, 88][102, 104, 90][150, 146, 135]"
Images\IMG-20200926-WA0012.jpg,"[200, 175, 155][183, 136, 120][80, 50, 42][123, 108, 87][172, 172, 144]"
Images\IMG-20200926-WA0013.jpg,"[142, 141, 123][214, 182, 159][110, 102, 89][159, 110, 95][61, 46, 25]"
Images\IMG-20200926-WA0024.jpg,"[91, 9, 13][229, 20, 59][155, 12, 30][123, 8, 25][57, 12, 9]"
Images\IMG-20200927-WA0005.jpg,"[182, 172, 160][148, 147, 126][153, 155, 150][147, 141, 145][157, 143, 132]"
Images\IMG-20201011-WA0001.jpg,"[201, 179, 168][79, 71, 68][145, 106, 75][117, 74, 39][46, 27, 10]"
Images\IMG-20201011-WA0012.jpg,"[103, 82, 65][200, 185, 178][148, 131, 123][49, 50, 55][45, 28, 20]"
Images\IMG-20201011-WA0015.jpg,"[151, 91, 57][96, 49, 21][140, 90, 83][128, 68, 34][189, 126, 95]"
Images\IMG-20201018-WA0022.jpg,"[149, 149, 147][212, 211, 217][197, 210, 203][90, 86, 85][232, 233, 235]"
Images\IMG-20201103-WA0001.jpg,"[251, 255, 255][247, 248, 253][238, 243, 247][215, 218, 225][253, 254, 255]"
Images\IMG-20201204-WA0008.jpg,"[188, 153, 99][166, 134, 77][123, 85, 40][146, 110, 58][197, 156, 124]"
Images\IMG-20201213-WA0020.jpg,"[207, 205, 208][86, 84, 85][151, 149, 150][123, 121, 122][174, 172, 173]"
Images\IMG-20210216-WA0005.jpg,"[174, 98, 102][50, 62, 62][157, 143, 134][68, 96, 110][195, 157, 118]"
Images\img019.jpg,"[127, 116, 84][114, 111, 96][190, 165, 134][76, 41, 21][117, 85, 60]"
Images\IMG_0323.JPG,"[133, 154, 89][197, 208, 148][79, 89, 65][94, 120, 55][127, 170, 55]"
Images\IMG_0344.JPG,"[61, 91, 21][124, 132, 93][97, 129, 56][149, 175, 114][227, 238, 230]"
Images\IMG_0346.JPG,"[103, 119, 93][206, 215, 188][124, 152, 68][50, 78, 19][85, 113, 39]"
Images\IMG_0361.JPG,"[124, 123, 92][103, 99, 70][80, 84, 49][168, 167, 136][58, 62, 27]"
Images\IMG_0454.JPG,"[143, 126, 74][197, 185, 127][157, 119, 82][114, 84, 50][64, 45, 51]"
Images\IMG_0463.JPG,"[103, 85, 63][180, 166, 139][135, 114, 93][169, 150, 136][217, 197, 160]"
Images\IMG_0598.JPG,"[154, 171, 187][208, 217, 214][217, 128, 134][135, 120, 117][183, 163, 152]"
Images\IMG_0606.JPG,"[238, 238, 240][47, 49, 28][74, 76, 75][101, 99, 87][143, 145, 144]"
Images\IMG_0763.JPG,"[147, 168, 199][133, 133, 135][187, 183, 180][72, 76, 79][116, 131, 152]"
Images\IMG_0768.JPG,"[93, 102, 117][108, 108, 118][92, 93, 98][122, 123, 125][176, 175, 173]"
Images\IMG_0807.JPG,"[77, 79, 68][120, 126, 126][65, 65, 75][33, 40, 46][192, 209, 229]"
Images\IMG_0812.JPG,"[189, 205, 221][132, 139, 145][97, 96, 92][59, 61, 56][60, 62, 40]"
Images\IMG_0814.JPG,"[113, 130, 146][101, 97, 72][157, 170, 176][167, 186, 216][57, 62, 55]"
Images\IMG_0820.JPG,"[98, 107, 64][53, 53, 51][157, 156, 152][140, 174, 212][83, 89, 105]"
Images\IMG_0821.JPG,"[83, 95, 83][205, 221, 237][93, 97, 108][134, 139, 143][44, 55, 39]"
Images\IMG_0973.JPG,"[48, 95, 141][48, 116, 179][93, 158, 212][73, 131, 168][117, 184, 239]"
Images\IMG_1059.JPG,"[105, 120, 79][67, 85, 45][150, 167, 125][124, 139, 98][92, 107, 68]"
Images\IMG_1063.JPG,"[107, 120, 76][85, 101, 36][49, 73, 15][228, 229, 231][82, 88, 60]"
Images\IMG_1072.JPG,"[108, 129, 90][70, 89, 61][56, 63, 45][167, 189, 116][145, 154, 111]"
Images\IMG_1080.JPG,"[137, 148, 82][103, 100, 45][79, 102, 30][72, 73, 31][114, 123, 56]"
Images\IMG_1089.JPG,"[113, 112, 108][138, 141, 122][144, 158, 125][85, 99, 74][181, 179, 167]"
Images\IMG_1091.JPG,"[95, 93, 52][75, 95, 32][131, 126, 86][103, 124, 59][64, 72, 25]"
Images\IMG_1111.JPG,"[52, 67, 48][245, 247, 244][94, 105, 89][34, 49, 26][143, 151, 140]"
Images\IMG_1112.JPG,"[65, 85, 73][154, 161, 154][211, 218, 224][114, 125, 108][159, 144, 113]"
Images\IMG_1117.JPG,"[117, 123, 85][120, 119, 114][63, 66, 45][82, 87, 55][170, 176, 148]"
Images\IMG_1120.JPG,"[120, 132, 84][88, 95, 62][236, 237, 231][164, 174, 122][126, 135, 108]"
Images\IMG_1121.JPG,"[122, 139, 120][83, 99, 96][105, 124, 118][83, 102, 82][142, 160, 138]"
Images\IMG_1123.JPG,"[137, 158, 139][111, 134, 118][76, 102, 89][171, 185, 162][116, 137, 132]"
Images\IMG_1152.JPG,"[86, 87, 69][199, 192, 182][46, 47, 29][129, 122, 94][87, 77, 42]"
Images\IMG_1155.JPG,"[110, 106, 94][96, 107, 90][132, 128, 119][152, 155, 138][51, 62, 45]"
Images\IMG_1158.JPG,"[195, 139, 124][168, 175, 183][118, 129, 131][124, 92, 71][82, 86, 51]"
Images\IMG_1233.JPG,"[88, 72, 57][132, 111, 94][122, 94, 72][137, 128, 121][226, 227, 229]"
Images\IMG_1242.JPG,"[36, 33, 26][181, 169, 157][186, 218, 207][74, 116, 141][116, 118, 115]"
Images\IMG_1268.JPG,"[213, 218, 222][183, 192, 201][150, 159, 174][224, 229, 222][105, 96, 87]"
Images\IMG_1307.JPG,"[178, 206, 209][147, 103, 94][147, 174, 193][71, 46, 39][34, 57, 63]"
Images\IMG_1323.JPG,"[32, 63, 83][10, 57, 99][124, 129, 148][36, 48, 74][10, 72, 123]"
Images\IMG_1324.JPG,"[65, 118, 134][48, 57, 74][48, 78, 86][178, 193, 216][127, 179, 193]"
Images\IMG_1330.JPG,"[34, 96, 135][67, 114, 156][31, 79, 115][124, 141, 167][70, 96, 123]"
Images\IMG_1340 - Kopie.JPG,"[208, 179, 173][151, 120, 115][80, 115, 145][60, 113, 129][106, 63, 56]"
Images\IMG_1342.JPG,"[58, 116, 140][182, 201, 244][109, 134, 141][109, 167, 205][19, 93, 122]"
Images\IMG_1364.JPG,"[133, 179, 176][57, 153, 211][55, 142, 187][41, 158, 201][78, 152, 165]"
Images\IMG_1370.JPG,"[59, 109, 116][144, 173, 179][57, 108, 99][19, 73, 85][13, 87, 122]"
Images\IMG_1373.JPG,"[118, 147, 101][115, 110, 81][35, 161, 158][73, 73, 45][156, 152, 114]"
Images\IMG_1386.JPG,"[85, 73, 61][210, 215, 221][170, 150, 126][147, 130, 112][158, 140, 120]"
Images\IMG_1388.JPG,"[186, 167, 161][174, 170, 143][254, 255, 255][194, 194, 182][137, 102, 100]"
Images\IMG_1392.JPG,"[91, 78, 88][35, 29, 29][102, 99, 92][164, 165, 167][129, 122, 129]"
Images\IMG_1399.JPG,"[163, 188, 192][161, 185, 221][183, 193, 185][121, 147, 198][213, 192, 175]"
Images\IMG_1405.JPG,"[179, 181, 194][159, 180, 223][160, 171, 175][173, 171, 174][149, 158, 153]"
Images\IMG_1414.JPG,"[72, 111, 154][119, 175, 224][59, 125, 159][24, 100, 136][165, 211, 234]"
Images\IMG_1421.JPG,"[113, 165, 178][45, 131, 156][188, 209, 240][56, 148, 173][122, 166, 193]"
Images\IMG_1431.JPG,"[77, 181, 192][50, 170, 171][74, 144, 180][36, 92, 109][51, 141, 149]"
Images\IMG_1435.JPG,"[137, 151, 136][41, 125, 161][56, 66, 65][62, 94, 91][112, 126, 113]"
Images\IMG_1440.JPG,"[149, 139, 112][59, 150, 141][7, 201, 211][77, 87, 62][52, 123, 107]"
Images\IMG_1480~2.jpg,"[127, 38, 60][79, 82, 123][130, 160, 194][182, 134, 160][170, 181, 213]"
Images\IMG_1493.JPG,"[247, 247, 247][146, 152, 152][86, 99, 81][57, 61, 47][107, 117, 108]"
Images\IMG_1505.JPG,"[122, 131, 100][137, 118, 120][73, 73, 63][161, 177, 128][191, 201, 164]"
Images\IMG_1554.JPG,"[79, 70, 61][56, 51, 47][127, 109, 85][191, 183, 170][15, 12, 7]"
Images\IMG_1561.JPG,"[206, 205, 200][149, 138, 116][11, 13, 8][88, 88, 90][42, 39, 34]"
Images\IMG_1562.JPG,"[245, 242, 237][170, 164, 152][43, 47, 33][109, 101, 90][135, 125, 113]"
Images\IMG_1563.JPG,"[166, 157, 140][26, 23, 14][95, 85, 73][233, 232, 228][53, 49, 37]"
Images\IMG_1566.JPG,"[162, 130, 91][39, 30, 21][233, 199, 153][106, 92, 65][131, 98, 57]"
Images\IMG_1578~3.JPG,"[150, 171, 176][117, 124, 108][173, 208, 248][165, 177, 131][65, 67, 56]"
Images\IMG_1583.JPG,"[160, 191, 196][166, 181, 150][149, 123, 108][94, 81, 65][171, 163, 114]"
Images\IMG_1585~2.JPG,"[92, 154, 237][199, 201, 198][51, 85, 95][65, 126, 215][66, 114, 152]"
Images\IMG_1595.JPG,"[118, 169, 186][66, 86, 97][34, 41, 51][74, 196, 245][128, 224, 246]"
Images\IMG_1607.JPG,"[105, 126, 87][190, 181, 124][54, 70, 34][91, 109, 67][124, 151, 110]"
Images\IMG_1609.JPG,"[111, 120, 89][136, 147, 115][95, 79, 66][174, 183, 162][105, 104, 76]"
Images\IMG_1629.JPG,"[31, 30, 25][79, 76, 69][151, 150, 148][113, 112, 108][216, 216, 218]"
Images\IMG_1629~2.JPG,"[208, 212, 215][95, 96, 90][155, 157, 156][127, 129, 126][31, 31, 23]"
Images\IMG_1634.JPG,"[176, 177, 169][43, 50, 32][89, 95, 81][238, 238, 236][128, 132, 118]"
Images\IMG_1645.JPG,"[165, 166, 168][230, 234, 237][104, 116, 106][103, 119, 90][133, 145, 121]"
Images\IMG_1660.JPG,"[60, 55, 52][94, 92, 93][182, 191, 200][148, 151, 156][193, 206, 222]"
Images\IMG_1691.JPG,"[74, 111, 137][44, 86, 98][119, 171, 229][97, 139, 177][162, 208, 244]"
Images\IMG_1695.JPG,"[166, 170, 156][63, 79, 40][101, 119, 71][62, 65, 44][138, 147, 90]"
Images\IMG_1697.JPG,"[129, 129, 103][94, 95, 79][51, 52, 34][224, 225, 220][156, 153, 112]"
Images\IMG_1699.JPG,"[155, 164, 137][129, 155, 120][150, 169, 113][60, 68, 57][101, 124, 96]"
Images\IMG_1705.JPG,"[120, 123, 102][99, 92, 86][141, 152, 120][177, 168, 169][73, 64, 59]"
Images\IMG_1707.JPG,"[83, 87, 72][112, 108, 96][118, 131, 105][65, 63, 50][202, 188, 179]"
Images\IMG_1710.JPG,"[83, 138, 195][117, 163, 212][38, 74, 108][66, 101, 141][56, 99, 141]"
Images\IMG_1712.JPG,"[94, 105, 71][39, 40, 34][151, 163, 117][124, 105, 73][110, 102, 100]"
Images\IMG_1723.JPG,"[138, 142, 145][76, 78, 77][173, 174, 178][42, 43, 38][194, 203, 212]"
Images\IMG_1726.JPG,"[94, 103, 112][146, 157, 177][87, 88, 83][179, 205, 232][67, 67, 69]"
Images\IMG_1727.JPG,"[87, 86, 84][115, 114, 112][163, 161, 164][52, 52, 42][218, 221, 228]"
Images\IMG_1728.JPG,"[156, 155, 153][128, 126, 127][53, 53, 43][86, 85, 80][211, 212, 216]"
Images\IMG_1733.JPG,"[155, 170, 173][101, 109, 94][158, 188, 222][76, 69, 50][100, 129, 159]"
Images\IMG_1736.JPG,"[134, 147, 153][119, 109, 82][121, 172, 229][74, 67, 49][163, 203, 239]"
Images\IMG_1738.JPG,"[72, 88, 61][121, 136, 115][60, 71, 54][87, 105, 79][194, 194, 196]"
Images\IMG_1739.JPG,"[90, 110, 75][195, 208, 199][65, 78, 48][75, 68, 58][139, 158, 139]"
Images\IMG_1746.JPG,"[79, 99, 62][185, 198, 204][117, 133, 96][180, 184, 149][106, 127, 68]"
Images\IMG_1749.JPG,"[2, 2, 2][48, 47, 45][30, 30, 30][50, 56, 44][104, 115, 98]"
Images\IMG_1751 - Kopie.JPG,"[30, 36, 24][42, 48, 36][36, 42, 30][31, 32, 26][39, 50, 34]"
Images\IMG_1753.JPG,"[114, 115, 117][168, 177, 174][137, 150, 130][138, 138, 140][76, 85, 84]"
Images\IMG_1755.JPG,"[75, 76, 80][100, 132, 153][133, 183, 234][134, 141, 133][63, 65, 52]"
Images\IMG_1760.JPG,"[143, 140, 123][107, 100, 84][161, 161, 151][140, 189, 229][58, 62, 47]"
Images\IMG_1761.JPG,"[183, 178, 175][166, 112, 102][127, 108, 110][119, 67, 69][65, 45, 36]"
Images\IMG_1786.JPG,"[199, 184, 155][149, 165, 180][178, 219, 241][155, 201, 227][172, 205, 238]"
Images\IMG_1792.JPG,"[141, 141, 143][208, 208, 206][86, 83, 76][212, 213, 199][106, 110, 121]"
Images\IMG_1793.JPG,"[138, 146, 149][89, 101, 101][209, 220, 224][50, 58, 60][131, 168, 213]"
Images\IMG_1796.JPG,"[93, 98, 101][125, 130, 134][59, 64, 70][118, 150, 191][194, 195, 200]"
Images\IMG_1799.JPG,"[189, 215, 232][151, 157, 155][73, 72, 67][113, 120, 128][229, 230, 222]"
Images\IMG_1815.JPG,"[46, 42, 41][76, 59, 41][137, 121, 96][171, 145, 108][186, 177, 162]"
Images\IMG_1823.JPG,"[140, 126, 113][201, 203, 218][54, 39, 18][227, 241, 244][173, 169, 168]"
Images\IMG_1824.JPG,"[216, 212, 203][187, 171, 174][163, 161, 166][131, 132, 136][80, 80, 82]"
Images\IMG_1905.JPG,"[103, 136, 181][91, 108, 138][75, 79, 88][11, 13, 12][160, 157, 166]"
Images\IMG_1910.JPG,"[154, 111, 130][232, 160, 145][46, 45, 76][234, 189, 196][115, 98, 130]"
Images\IMG_1911.JPG,"[119, 85, 99][143, 141, 181][12, 12, 14][176, 154, 157][87, 108, 155]"
Images\IMG_1945.JPG,"[133, 122, 102][77, 65, 49][12, 11, 9][81, 81, 79][200, 180, 147]"
Images\IMG_1963.JPG,"[154, 158, 144][57, 58, 50][127, 132, 112][243, 247, 248][98, 95, 88]"
Images\IMG_1997.JPG,"[34, 30, 57][17, 57, 67][44, 90, 186][143, 131, 143][88, 80, 95]"
Images\IMG_2003.JPG,"[86, 88, 67][161, 133, 119][65, 28, 19][16, 24, 11][119, 70, 55]"
Images\IMG_2005.JPG,"[121, 73, 69][160, 126, 91][182, 125, 116][101, 82, 50][68, 38, 30]"
Images\IMG_2007.JPG,"[53, 48, 29][104, 59, 53][68, 37, 19][210, 150, 140][138, 91, 75]"
Images\IMG_20151010_085133.jpg,"[162, 143, 129][167, 169, 164][128, 134, 130][128, 122, 108][95, 76, 61]"
Images\IMG_20151220_163939.jpg,"[164, 173, 182][125, 147, 168][202, 206, 209][163, 152, 134][118, 121, 110]"
Images\IMG_20151220_174318(1).jpg,"[146, 118, 97][245, 239, 213][246, 240, 228][204, 185, 145][220, 176, 129]"
Images\IMG_20151220_174318.jpg,"[244, 238, 206][148, 120, 99][245, 242, 227][209, 190, 150][223, 175, 129]"
Images\IMG_20151222_091151.jpg,"[175, 208, 227][194, 190, 178][169, 182, 188][41, 22, 28][123, 194, 226]"
Images\IMG_20151228_122922.jpg,"[167, 151, 138][162, 154, 133][184, 176, 165][224, 222, 225][130, 127, 112]"
Images\IMG_20151228_183230.jpg,"[185, 194, 201][199, 206, 214][187, 184, 179][201, 200, 196][121, 101, 77]"
Images\IMG_20151230_114407.jpg,"[97, 154, 197][139, 166, 177][162, 166, 167][50, 111, 174][104, 152, 175]"
Images\IMG_20160131_131512.jpg,"[45, 124, 242][93, 95, 120][135, 131, 154][40, 42, 67][42, 75, 156]"
Images\IMG_20160201_084214.jpg,"[104, 136, 177][38, 30, 28][185, 189, 188][142, 131, 125][230, 249, 253]"
Images\IMG_20160207_104807.jpg,"[121, 109, 111][151, 131, 130][104, 89, 94][101, 106, 100][81, 81, 83]"
Images\IMG_20160211_115356.jpg,"[220, 39, 80][73, 76, 83][53, 37, 37][123, 95, 83][203, 172, 152]"
Images\IMG_20160212_201401.jpg,"[161, 170, 179][148, 138, 128][192, 205, 221][128, 104, 68][166, 145, 114]"
Images\IMG_20160213_070908.jpg,"[42, 31, 29][179, 178, 183][150, 149, 147][206, 204, 192][103, 102, 97]"
Images\IMG_20160214_172327.jpg,"[147, 72, 66][95, 94, 64][202, 158, 155][232, 223, 218][198, 117, 113]"
Images\IMG_20160214_174313.jpg,"[168, 169, 163][130, 131, 125][150, 153, 146][99, 100, 94][178, 179, 173]"
Images\IMG_20160215_171841(1).jpg,"[122, 131, 114][171, 175, 160][60, 69, 52][91, 103, 79][77, 87, 78]"
Images\IMG_20160215_171841.jpg,"[42, 53, 39][78, 88, 63][90, 97, 90][157, 160, 149][110, 120, 96]"
Images\IMG_20160215_175025.jpg,"[108, 119, 113][155, 159, 162][203, 213, 225][33, 35, 21][142, 139, 150]"
Images\IMG_20160313_130322.jpg,"[204, 203, 208][187, 192, 185][215, 190, 170][146, 172, 209][165, 192, 199]"
Images\IMG_20160314_085648.jpg,"[225, 216, 199][113, 107, 95][24, 23, 18][174, 165, 150][144, 143, 148]"
Images\IMG_20160317_231947.jpg,"[176, 196, 223][94, 111, 118][155, 158, 167][49, 55, 53][206, 212, 224]"
Images\IMG_20160320_233303.jpg,"[144, 152, 191][89, 94, 124][229, 184, 178][119, 132, 176][149, 113, 123]"
Images\IMG_20160411_221114.jpg,"[164, 164, 156][37, 37, 25][46, 46, 34][114, 114, 106][71, 71, 61]"
Images\IMG_20160411_221643.jpg,"[56, 65, 46][85, 93, 82][23, 23, 21][155, 145, 143][35, 37, 24]"
Images\IMG_20160422_195616.jpg,"[213, 202, 180][71, 59, 61][160, 146, 135][112, 97, 92][136, 119, 109]"
Images\IMG_20160501_111444.jpg,"[176, 177, 179][143, 144, 146][198, 203, 207][147, 181, 209][226, 230, 231]"
Images\IMG_20160522_044021.jpg,"[3, 33, 97][53, 102, 168][25, 60, 114][11, 1, 9][106, 150, 195]"
Images\IMG_20160604_100132.jpg,"[100, 100, 100][133, 133, 133][198, 198, 198][176, 176, 176][218, 218, 218]"
Images\IMG_20160611_101101.jpg,"[76, 80, 81][228, 236, 225][141, 141, 141][40, 43, 32][89, 89, 79]"
Images\IMG_20160625_061153.jpg,"[110, 142, 121][100, 102, 101][61, 77, 66][146, 142, 141][85, 116, 98]"
Images\IMG_20160626_084146.jpg,"[165, 163, 151][200, 201, 203][54, 49, 43][125, 125, 115][104, 102, 90]"
Images\IMG_20160630_205103.jpg,"[75, 117, 77][2, 85, 155][14, 97, 127][5, 102, 173][119, 165, 163]"
Images\IMG_20160630_210746.jpg,"[167, 155, 139][127, 124, 115][90, 85, 79][20, 21, 13][219, 213, 199]"
Images\IMG_20160730_201952.jpg,"[183, 198, 203][218, 235, 245][132, 158, 173][174, 205, 236][70, 97, 116]"
Images\IMG_20160813_072700.jpg,"[154, 155, 159][113, 115, 114][70, 81, 47][227, 231, 232][53, 60, 53]"
Images\IMG_20160813_072737~2.jpg,"[151, 157, 169][205, 214, 221][102, 113, 117][124, 140, 78][45, 59, 46]"
Images\IMG_20160813_072901.jpg,"[230, 249, 247][145, 147, 146][175, 179, 180][73, 75, 54][107, 111, 112]"
Images\IMG_20160911_192634.jpg,"[118, 119, 124][48, 35, 18][190, 188, 189][81, 70, 50][66, 58, 35]"
Images\IMG_20160914_210507.jpg,"[108, 111, 90][54, 55, 41][244, 243, 238][88, 89, 75][153, 153, 141]"
Images\IMG_20160914_210643.jpg,"[36, 34, 21][143, 145, 132][106, 98, 79][206, 213, 223][70, 63, 47]"
Images\IMG_20160919_122022.jpg,"[180, 184, 193][167, 180, 188][146, 141, 135][195, 204, 213][215, 222, 228]"
Images\IMG_20160926_155311.jpg,"[145, 159, 186][183, 199, 222][107, 111, 138][231, 240, 249][209, 222, 239]"
Images\IMG_20161115_171821.jpg,"[99, 161, 208][178, 208, 234][82, 124, 146][133, 170, 186][62, 73, 77]"
Images\IMG_20161115_172300.jpg,"[177, 161, 138][149, 177, 155][203, 215, 133][96, 86, 74][120, 167, 209]"
Images\IMG_20161118_112911.jpg,"[38, 38, 40][184, 194, 142][197, 200, 193][134, 192, 238][127, 124, 117]"
Images\IMG_20161118_160631.jpg,"[120, 93, 66][204, 215, 219][91, 57, 29][168, 143, 112][51, 35, 22]"
Images\IMG_20161118_160700.jpg,"[120, 117, 110][132, 114, 90][90, 66, 40][197, 203, 203][56, 38, 26]"
Images\IMG_20161123_154103(1).jpg,"[171, 103, 80][112, 71, 79][108, 61, 41][190, 178, 140][53, 30, 24]"
Images\IMG_20161123_154103.jpg,"[151, 101, 90][41, 20, 17][90, 64, 51][94, 44, 33][215, 217, 206]"
Images\IMG_20161123_235046.jpg,"[117, 205, 183][192, 234, 233][12, 80, 79][111, 173, 170][75, 152, 132]"
Images\IMG_20161227_140940.jpg,"[42, 63, 22][107, 126, 80][65, 95, 35][154, 171, 126][100, 105, 75]"
Images\IMG_20170126_144311_144.jpg,"[54, 119, 85][207, 144, 64][147, 197, 188][80, 140, 130][72, 91, 97]"
Images\IMG_20170211_121435.jpg,"[76, 61, 58][232, 234, 233][113, 100, 91][144, 134, 125][73, 71, 59]"
Images\IMG_20170224_191450.jpg,"[138, 137, 135][12, 10, 11][172, 171, 169][86, 85, 81][123, 122, 118]"
Images\IMG_20170320_140406.jpg,"[147, 141, 129][183, 205, 219][31, 34, 23][93, 85, 72][200, 191, 174]"
Images\IMG_20170320_140511.jpg,"[1, 1, 1][4, 1, 8][5, 7, 0][41, 38, 23][121, 115, 67]"
Images\IMG_20170409_131124_722.jpg,"[103, 121, 133][176, 191, 196][55, 66, 72][220, 235, 240][135, 154, 160]"
Images\IMG_20170416_204524_149.jpg,"[75, 88, 45][177, 189, 187][134, 148, 123][222, 211, 119][210, 212, 191]"
Images\IMG_20170416_204855_893.jpg,"[144, 169, 189][55, 65, 40][225, 226, 228][136, 139, 146][176, 165, 163]"
Images\IMG_20170430_194250.jpg,"[41, 44, 23][62, 73, 69][114, 109, 87][79, 76, 45][182, 180, 165]"
Images\IMG_20170520_154343.jpg,"[163, 164, 166][73, 80, 36][102, 107, 85][94, 103, 50][127, 129, 79]"
Images\IMG_20170522_082537_815.jpg,"[69, 76, 42][111, 111, 73][121, 105, 90][189, 186, 195][147, 150, 129]"
Images\IMG_20170620_143943.jpg,"[101, 102, 94][36, 46, 56][39, 40, 34][14, 10, 11][190, 201, 197]"
Images\IMG_20170621_051957.jpg,"[144, 161, 179][91, 63, 59][94, 76, 74][114, 112, 117][78, 54, 50]"
Images\IMG_20170621_053431(1).jpg,"[143, 100, 66][214, 203, 181][212, 214, 213][184, 145, 116][140, 89, 70]"
Images\IMG_20170621_053431.jpg,"[179, 165, 154][223, 224, 218][181, 142, 113][213, 215, 227][147, 93, 67]"
Images\IMG_20170621_075225.jpg,"[142, 184, 209][141, 151, 152][187, 163, 137][162, 158, 149][124, 111, 92]"
Images\IMG_20170621_075233.jpg,"[128, 148, 149][108, 178, 203][50, 159, 202][166, 163, 154][177, 149, 135]"
Images\IMG_20170621_103710.jpg,"[122, 141, 148][118, 136, 156][168, 198, 236][145, 150, 143][100, 105, 99]"
Images\IMG_20170624_184933.jpg,"[138, 142, 143][162, 163, 165][53, 48, 42][98, 93, 89][117, 114, 107]"
Images\IMG_20170628_191136(1).jpg,"[113, 98, 69][166, 165, 144][64, 56, 35][243, 244, 239][26, 27, 19]"
Images\IMG_20170628_191136.jpg,"[114, 103, 83][71, 63, 50][168, 164, 153][241, 241, 241][36, 38, 35]"
Images\IMG_20170630_100219_466.jpg,"[182, 186, 187][94, 77, 83][60, 42, 56][162, 159, 166][118, 107, 113]"
Images\IMG_20170630_191630(1).jpg,"[208, 194, 159][107, 94, 62][116, 116, 118][27, 29, 26][153, 151, 139]"
Images\IMG_20170630_191630.jpg,"[208, 193, 160][90, 79, 61][152, 149, 142][117, 116, 124][28, 28, 28]"
Images\IMG_20170715_001538_483.jpg,"[127, 117, 107][166, 156, 144][213, 205, 192][229, 242, 235][75, 66, 57]"
Images\IMG_20170717_105905.jpg,"[75, 129, 173][189, 190, 192][34, 32, 33][121, 112, 117][75, 92, 82]"
Images\IMG_20170727_171232_610.jpg,"[130, 143, 149][165, 164, 170][210, 209, 217][186, 187, 192][231, 229, 230]"
Images\IMG_20170729_150454_550.jpg,"[233, 233, 235][200, 202, 201][129, 132, 141][211, 211, 219][215, 214, 228]"
Images\IMG_20170731_032357.jpg,"[181, 151, 123][143, 137, 125][122, 73, 56][183, 135, 86][209, 217, 219]"
Images\IMG_20170731_032428.jpg,"[161, 155, 139][82, 128, 178][152, 178, 203][70, 69, 67][199, 196, 181]"
Images\IMG_20170731_032448.jpg,"[160, 109, 82][137, 102, 80][201, 208, 218][161, 116, 87][105, 70, 51]"
Images\IMG_20170801_174838(1).jpg,"[67, 98, 101][109, 149, 175][44, 57, 37][58, 71, 61][195, 208, 214]"
Images\IMG_20170801_174838.jpg,"[119, 154, 182][69, 100, 105][64, 74, 66][200, 211, 217][46, 57, 40]"
Images\IMG_20170803_175906(1).jpg,"[128, 138, 147][61, 77, 74][149, 156, 162][183, 194, 214][121, 136, 117]"
Images\IMG_20170803_175906.jpg,"[141, 151, 163][138, 149, 151][138, 150, 136][181, 192, 212][91, 100, 81]"
Images\IMG_20170808_193314_561.jpg,"[87, 101, 110][139, 150, 156][170, 178, 181][210, 220, 230][36, 38, 37]"
Images\IMG_20170809_164129.jpg,"[149, 159, 161][90, 100, 101][119, 127, 130][198, 231, 248][53, 58, 52]"
Images\IMG_20170809_164333.jpg,"[129, 142, 114][109, 119, 131][89, 90, 58][190, 195, 217][75, 72, 65]"
Images\IMG_20170811_063450.jpg,"[133, 128, 124][103, 99, 98][229, 223, 211][179, 171, 169][26, 25, 23]"
Images\IMG_20170811_063555.jpg,"[48, 50, 45][84, 88, 91][165, 163, 164][139, 139, 139][201, 194, 184]"
Images\IMG_20170813_161651.jpg,"[100, 130, 166][142, 142, 134][165, 173, 175][169, 191, 212][169, 160, 151]"
Images\IMG_20170815_100744_528.jpg,"[181, 177, 168][70, 61, 56][117, 92, 72][25, 21, 18][48, 49, 53]"
Images\IMG_20170815_161817_834.jpg,"[85, 164, 143][91, 171, 168][121, 148, 169][182, 225, 242][102, 189, 198]"
Images\IMG_20170816_105223_150.jpg,"[139, 144, 164][188, 142, 129][71, 42, 46][115, 112, 139][83, 63, 75]"
Images\IMG_20170817_141557_078.jpg,"[127, 116, 112][74, 61, 53][208, 197, 179][24, 16, 14][92, 70, 83]"
Images\IMG_20170826_080854.jpg,"[237, 245, 248][45, 55, 44][87, 99, 79][104, 109, 112][124, 132, 134]"
Images\IMG_20170902_124001.jpg,"[133, 86, 76][165, 113, 115][16, 4, 8][78, 14, 15][199, 176, 170]"
Images\IMG_20170902_124756.jpg,"[120, 101, 71][64, 66, 44][46, 37, 22][104, 44, 36][151, 108, 89]"
Images\IMG_20170912_211320.jpg,"[161, 163, 152][97, 105, 94][208, 195, 178][136, 140, 125][25, 26, 20]"
Images\IMG_20170923_183537_621.jpg,"[122, 96, 83][172, 144, 132][28, 16, 20][92, 54, 53][197, 196, 194]"
Images\IMG_20170925_041455.jpg,"[210, 176, 149][135, 94, 76][76, 66, 56][60, 32, 29][22, 17, 11]"
Images\IMG_20170930_160430.jpg,"[233, 235, 234][184, 174, 175][140, 127, 119][93, 75, 73][172, 192, 201]"
Images\IMG_20171014_154654.jpg,"[50, 92, 54][88, 126, 105][70, 110, 75][97, 135, 96][139, 149, 138]"
Images\IMG_20171014_155254_313.jpg,"[160, 178, 102][103, 116, 62][31, 46, 25][52, 61, 44][57, 72, 41]"
Images\IMG_20171014_205721_327.jpg,"[46, 101, 44][83, 137, 79][68, 121, 69][111, 160, 105][163, 176, 150]"
Images\IMG_20171028_201120.jpg,"[61, 53, 40][72, 67, 64][110, 110, 112][128, 49, 55][52, 64, 54]"
Images\IMG_20171222_164326_252.jpg,"[39, 100, 121][157, 159, 146][122, 159, 167][181, 170, 150][119, 119, 111]"
Images\IMG_20171222_164745_565.jpg,"[126, 179, 183][60, 69, 68][108, 57, 36][88, 150, 189][179, 149, 125]"
Images\IMG_20171223_133520.jpg,"[117, 149, 170][112, 118, 118][151, 174, 188][148, 150, 149][178, 191, 200]"
Images\IMG_20171223_133630.jpg,"[101, 152, 183][155, 163, 165][163, 200, 226][116, 129, 137][145, 137, 118]"
Images\IMG_20171226_074323.jpg,"[94, 67, 74][242, 219, 225][149, 123, 148][192, 163, 194][47, 34, 43]"
Images\IMG_20171226_074357.jpg,"[24, 17, 24][148, 135, 161][72, 77, 107][94, 114, 151][212, 192, 203]"
Images\IMG_20171226_074718.jpg,"[186, 193, 212][112, 105, 112][124, 135, 157][147, 158, 176][125, 122, 129]"
Images\IMG_20180101_124910.jpg,"[105, 48, 41][190, 163, 136][162, 139, 108][143, 108, 88][96, 66, 42]"
Images\IMG_20180103_181052.jpg,"[141, 126, 103][157, 140, 112][146, 130, 104][124, 112, 90][167, 150, 122]"
Images\IMG_20180107_105531.jpg,"[33, 31, 34][120, 88, 99][83, 78, 72][211, 206, 210][117, 113, 112]"
Images\IMG_20180130_215302(1).jpg,"[132, 185, 216][148, 184, 232][159, 200, 228][106, 138, 159][106, 123, 91]"
Images\IMG_20180130_215302.jpg,"[141, 155, 158][108, 136, 158][139, 182, 233][110, 121, 91][156, 203, 231]"
Images\IMG_20180308_160419.jpg,"[141, 137, 136][128, 107, 102][199, 201, 198][162, 146, 146][108, 83, 76]"
Images\IMG_20180318_085305.jpg,"[136, 148, 164][78, 88, 98][165, 194, 224][138, 177, 216][180, 197, 213]"
Images\IMG_20180322_085532_837.jpg,"[37, 28, 31][49, 61, 57][116, 95, 102][23, 22, 20][49, 18, 24]"
Images\IMG_20180323_215314.jpg,"[172, 155, 165][114, 98, 108][48, 40, 38][200, 188, 200][112, 109, 104]"
Images\IMG_20180323_232032_816.jpg,"[80, 70, 69][72, 42, 70][147, 89, 137][167, 137, 149][47, 27, 28]"
Images\IMG_20180324_012550_879.jpg,"[47, 60, 152][47, 94, 186][67, 122, 187][100, 174, 235][33, 35, 83]"
Images\IMG_20180330_164508_402.jpg,"[73, 68, 65][215, 214, 209][117, 116, 111][144, 145, 140][173, 170, 165]"
Images\IMG_20180330_164947_245.jpg,"[147, 155, 157][201, 207, 207][81, 96, 99][114, 125, 129][64, 78, 91]"
Images\IMG_20180330_230334_087.jpg,"[85, 94, 91][98, 112, 125][125, 146, 167][170, 200, 228][48, 53, 49]"
Images\IMG_20180331_064103_460.jpg,"[66, 69, 78][150, 150, 162][181, 183, 195][112, 113, 131][209, 210, 215]"
Images\IMG_20180402_224222_524.jpg,"[136, 173, 218][131, 175, 214][165, 198, 229][109, 144, 176][81, 111, 145]"
Images\IMG_20180406_214738_706.jpg,"[145, 152, 162][75, 83, 96][27, 35, 54][229, 236, 244][117, 144, 173]"
Images\IMG_20180407_135950.jpg,"[99, 104, 142][234, 238, 237][135, 140, 162][105, 111, 125][56, 66, 91]"
Images\IMG_20180416_074757.jpg,"[128, 116, 102][159, 131, 120][71, 64, 58][79, 56, 50][113, 90, 74]"
Images\IMG_20180416_230452_209.jpg,"[9, 7, 10][62, 57, 53][80, 76, 90][152, 165, 199][114, 114, 138]"
Images\IMG_20180418_170427.jpg,"[133, 142, 141][205, 209, 220][179, 185, 181][46, 57, 41][90, 101, 95]"
Images\IMG_20180418_173303.jpg,"[175, 157, 121][114, 123, 102][88, 67, 0][114, 91, 23][204, 204, 204]"
Images\IMG_20180418_173310.jpg,"[99, 82, 52][65, 47, 33][237, 235, 222][40, 30, 29][66, 53, 19]"
Images\IMG_20180418_175825.jpg,"[119, 114, 94][72, 60, 36][101, 93, 70][79, 74, 54][247, 249, 248]"
Images\IMG_20180420_172644_132.jpg,"[112, 108, 107][137, 137, 129][158, 167, 146][157, 152, 159][187, 186, 182]"
Images\IMG_20180420_184338.jpg,"[166, 167, 187][58, 69, 71][64, 80, 70][98, 102, 113][43, 60, 42]"
Images\IMG_20180427_062546.jpg,"[53, 41, 45][156, 160, 146][84, 92, 77][124, 131, 147][59, 56, 39]"
Images\IMG_20180427_063455.jpg,"[100, 107, 89][115, 124, 133][49, 60, 64][94, 99, 102][87, 106, 110]"
Images\IMG_20180427_101909.jpg,"[91, 81, 69][183, 136, 144][50, 33, 26][133, 51, 65][32, 38, 24]"
Images\IMG_20180430_063815_755.jpg,"[145, 134, 114][57, 32, 10][39, 37, 40][132, 135, 150][211, 197, 171]"
Images\IMG_20180430_164435.jpg,"[86, 81, 75][78, 88, 90][213, 215, 214][151, 141, 131][60, 60, 62]"
Images\IMG_20180430_164726.jpg,"[131, 130, 136][124, 113, 85][163, 157, 143][198, 207, 204][81, 72, 65]"
Images\IMG_20180430_175144_962.jpg,"[212, 199, 167][233, 242, 237][90, 97, 89][152, 151, 133][184, 190, 178]"
Images\IMG_20180501_180124_861.jpg,"[166, 157, 142][198, 193, 187][227, 228, 230][130, 121, 104][169, 136, 131]"
Images\IMG_20180507_200654_984.jpg,"[167, 159, 148][129, 125, 114][46, 46, 46][206, 206, 204][83, 82, 78]"
Images\IMG_20180511_075651_899.jpg,"[47, 21, 24][89, 66, 50][82, 93, 111][180, 156, 122][103, 57, 34]"
Images\IMG_20180512_122949_325.jpg,"[80, 88, 67][96, 105, 84][60, 57, 40][116, 127, 110][144, 156, 146]"
Images\IMG_20180516_150323_009.jpg,"[106, 117, 111][86, 92, 92][55, 63, 50][185, 204, 218][127, 144, 152]"
Images\IMG_20180604_205905_1.jpg,"[55, 56, 60][221, 217, 205][82, 117, 84][57, 94, 60][38, 73, 41]"
Images\IMG_20180614_200452.jpg,"[163, 122, 120][119, 102, 76][150, 140, 141][198, 200, 197][105, 76, 78]"
Images\IMG_20180621_205522_595.jpg,"[30, 38, 57][55, 129, 192][144, 133, 175][42, 83, 113][116, 178, 227]"
Images\IMG_20180701_121434_746.jpg,"[54, 44, 45][103, 59, 48][99, 86, 77][163, 145, 133][29, 25, 24]"
Images\IMG_20180708_131113_623.jpg,"[85, 114, 70][151, 178, 137][121, 148, 107][138, 168, 116][170, 197, 154]"
Images\IMG_20180720_190732.jpg,"[237, 239, 236][249, 239, 237][254, 254, 252][250, 249, 247][237, 216, 215]"
Images\IMG_20180722_185601.jpg,"[201, 201, 201][83, 95, 81][98, 117, 36][157, 158, 92][125, 136, 60]"
Images\IMG_20180723_210640.jpg,"[90, 74, 59][166, 140, 115][114, 63, 34][63, 35, 21][94, 64, 53]"
Images\IMG_20180723_211644_478.jpg,"[79, 71, 68][194, 186, 209][109, 98, 102][23, 22, 20][45, 45, 45]"
Images\IMG_20180727_151450_068.jpg,"[177, 182, 176][72, 78, 102][42, 52, 61][90, 98, 117][116, 149, 194]"
Images\IMG_20180729_171952_368.jpg,"[91, 87, 52][143, 136, 92][111, 135, 147][74, 90, 89][167, 189, 202]"
Images\IMG_20180804_092611_300.jpg,"[87, 94, 86][31, 47, 37][135, 131, 130][232, 229, 212][90, 88, 91]"
Images\IMG_20180805_092407_081.jpg,"[143, 105, 82][113, 98, 79][47, 50, 41][235, 235, 237][75, 50, 30]"
Images\IMG_20180814_073411_635.jpg,"[216, 225, 234][172, 183, 203][113, 114, 106][140, 142, 154][50, 53, 44]"
Images\IMG_20180816_072404.jpg,"[67, 76, 55][99, 116, 126][41, 52, 35][191, 209, 233][40, 45, 49]"
Images\IMG_20180816_090535.jpg,"[161, 187, 222][93, 95, 82][57, 56, 36][40, 44, 56][122, 117, 98]"
Images\IMG_20180816_120354.jpg,"[96, 98, 95][202, 219, 239][22, 25, 16][84, 91, 97][44, 46, 32]"
Images\IMG_20180820_080222.jpg,"[82, 82, 72][85, 125, 150][144, 162, 166][163, 192, 206][148, 149, 144]"
Images\IMG_20180820_094411_227.jpg,"[197, 199, 214][171, 167, 164][220, 222, 221][93, 82, 78][119, 118, 113]"
Images\IMG_20180820_094800_536.jpg,"[156, 171, 168][83, 113, 121][131, 156, 163][195, 209, 209][175, 201, 216]"
Images\IMG_20180904_181442.jpg,"[82, 85, 76][142, 126, 113][213, 205, 184][127, 83, 82][174, 112, 117]"
Images\IMG_20180905_080803.jpg,"[172, 171, 169][77, 77, 67][105, 104, 118][63, 65, 78][103, 100, 93]"
Images\IMG_20180905_205825.jpg,"[86, 113, 124][27, 53, 66][188, 192, 195][32, 45, 36][128, 146, 158]"
Images\IMG_20180909_190729_980.jpg,"[93, 97, 100][20, 25, 31][75, 117, 159][121, 163, 205][154, 145, 138]"
Images\IMG_20180916_073012.jpg,"[128, 137, 152][193, 207, 210][88, 104, 93][28, 45, 37][67, 95, 107]"
Images\IMG_20180930_085314.jpg,"[82, 89, 99][59, 83, 85][182, 193, 199][110, 136, 159][137, 166, 182]"
Images\IMG_20180930_085405(1).jpg,"[99, 108, 105][167, 172, 176][137, 143, 139][168, 189, 192][46, 58, 54]"
Images\IMG_20180930_085405.jpg,"[99, 108, 105][167, 172, 176][137, 143, 139][168, 189, 192][46, 58, 54]"
Images\IMG_20180930_094455.jpg,"[248, 255, 255][69, 80, 98][87, 103, 119][50, 54, 66][143, 161, 175]"
Images\IMG_20180930_095856.jpg,"[79, 87, 90][68, 75, 104][100, 112, 126][187, 212, 216][97, 108, 114]"
Images\IMG_20180930_143530_369.jpg,"[111, 117, 139][188, 220, 231][109, 137, 159][89, 103, 132][73, 78, 98]"
Images\IMG_20181010_172142_461.jpg,"[80, 81, 76][40, 42, 39][169, 169, 161][125, 121, 110][237, 247, 246]"
Images\IMG_20181010_172420_206.jpg,"[48, 50, 45][154, 172, 172][197, 221, 231][100, 110, 112][152, 194, 216]"
Images\IMG_20181012_103801.jpg,"[63, 74, 34][137, 124, 105][103, 111, 70][210, 211, 213][186, 170, 136]"
Images\IMG_20181015_170704_293.jpg,"[69, 162, 170][15, 73, 77][33, 133, 133][26, 105, 110][222, 232, 234]"
Images\IMG_20181015_171201_085.jpg,"[49, 135, 218][145, 185, 174][47, 61, 46][155, 204, 219][171, 205, 188]"
Images\IMG_20181017_201116_758.jpg,"[32, 41, 40][46, 56, 48][114, 124, 113][74, 84, 73][233, 242, 237]"
Images\IMG_20181017_201311_341.jpg,"[77, 98, 79][96, 112, 49][153, 195, 220][41, 67, 66][56, 74, 22]"
Images\IMG_20181017_201937_751.jpg,"[193, 211, 199][100, 118, 106][154, 152, 137][191, 221, 231][33, 42, 25]"
Images\IMG_20181017_202833_053.jpg,"[121, 86, 58][171, 168, 149][151, 105, 90][174, 153, 136][127, 120, 101]"
Images\IMG_20181017_203801_232.jpg,"[56, 76, 39][189, 207, 231][121, 118, 129][160, 186, 199][210, 195, 162]"
Images\IMG_20181018_083905_615.jpg,"[144, 93, 76][216, 226, 218][83, 47, 35][115, 118, 101][178, 152, 139]"
Images\IMG_20181020_150700.jpg,"[86, 86, 74][47, 53, 43][192, 213, 232][90, 132, 170][44, 79, 98]"
Images\IMG_20181020_164139.jpg,"[176, 209, 226][118, 151, 144][98, 126, 150][142, 100, 102][62, 65, 54]"
Images\IMG_20181020_164148.jpg,"[168, 107, 123][202, 212, 214][82, 98, 147][137, 103, 104][58, 53, 49]"
Images\IMG_20181022_181157.jpg,"[131, 111, 84][177, 153, 119][84, 65, 35][240, 228, 202][36, 32, 23]"
Images\IMG_20181026_144317.jpg,"[36, 51, 46][44, 118, 191][40, 84, 113][119, 123, 108][191, 201, 174]"
Images\IMG_20181026_144317~2.jpg,"[55, 67, 53][116, 115, 97][56, 122, 182][36, 42, 30][168, 170, 157]"
Images\IMG_20181026_165055.jpg,"[47, 65, 89][27, 36, 31][118, 135, 143][87, 97, 98][159, 176, 202]"
Images\IMG_20181026_175648_808.jpg,"[45, 63, 39][69, 87, 75][35, 52, 46][193, 189, 141][116, 117, 77]"
Images\IMG_20181026_180022_460.jpg,"[43, 51, 40][149, 153, 136][155, 141, 154][44, 110, 168][101, 103, 90]"
Images\IMG_20181027_104832.jpg,"[140, 144, 143][107, 101, 103][171, 196, 226][172, 177, 196][187, 196, 191]"
Images\IMG_20181029_204254_945.jpg,"[72, 76, 41][88, 113, 92][160, 169, 150][162, 195, 236][128, 157, 171]"
Images\IMG_20181029_204546_972.jpg,"[91, 88, 55][158, 134, 108][242, 248, 248][140, 109, 91][133, 106, 79]"
Images\IMG_20181119_140236_237.jpg,"[122, 92, 66][127, 134, 142][174, 182, 201][27, 19, 16][228, 195, 154]"
Images\IMG_20181119_140457_747.jpg,"[177, 149, 138][52, 33, 29][19, 13, 17][103, 79, 93][212, 210, 198]"
Images\IMG_20181120_224742_614.jpg,"[75, 73, 60][33, 36, 29][84, 45, 50][131, 90, 70][98, 113, 116]"
Images\IMG_20181208_201320.jpg,"[68, 84, 71][145, 146, 151][199, 197, 200][88, 100, 96][47, 56, 39]"
Images\IMG_20181225_154004_024.jpg,"[132, 173, 195][196, 212, 227][69, 117, 139][162, 210, 233][150, 195, 216]"
Images\IMG_20190116_080548_718.jpg,"[56, 63, 81][74, 92, 138][132, 170, 217][16, 20, 32][110, 116, 132]"
Images\IMG_20190124_094305_138.jpg,"[63, 56, 123][84, 82, 241][31, 26, 33][50, 44, 78][25, 24, 66]"
Images\IMG_20190130_171615.jpg,"[103, 94, 97][75, 70, 67][42, 41, 36][53, 43, 41][206, 194, 208]"
Images\IMG_20190204_204000_729.jpg,"[250, 249, 247][109, 123, 123][89, 85, 84][159, 167, 169][16, 18, 17]"
Images\IMG_20190226_143427_452.jpg,"[166, 210, 239][129, 143, 152][136, 196, 230][153, 154, 148][92, 174, 224]"
Images\IMG_20190309_201039.jpg,"[111, 88, 46][129, 110, 103][75, 57, 47][177, 168, 163][143, 126, 70]"
Images\IMG_20190312_184917.jpg,"[74, 90, 106][139, 158, 175][45, 70, 92][140, 183, 217][191, 213, 234]"
Images\IMG_20190312_184917~2.jpg,"[85, 89, 88][35, 46, 42][156, 175, 205][193, 189, 177][54, 72, 92]"
Images\IMG_20190313_184618_619.jpg,"[208, 207, 215][167, 161, 149][98, 92, 80][29, 28, 23][233, 228, 224]"
Images\IMG_20190313_184828_235.jpg,"[155, 164, 179][64, 80, 95][157, 185, 222][104, 115, 135][198, 216, 228]"
Images\IMG_20190326_173914.jpg,"[34, 33, 29][46, 47, 42][18, 18, 16][42, 48, 36][74, 77, 68]"
Images\IMG_20190330_074801_327.jpg,"[132, 133, 138][172, 173, 177][62, 66, 69][96, 97, 99][26, 29, 36]"
Images\IMG_20190401_201715_626.jpg,"[80, 76, 73][24, 19, 16][51, 47, 44][103, 95, 92][139, 128, 126]"
Images\IMG_20190415_111851.jpg,"[89, 86, 81][174, 170, 167][55, 54, 49][77, 75, 97][122, 119, 114]"
Images\IMG_20190417_080117_121.jpg,"[34, 43, 22][57, 60, 41][21, 24, 15][56, 66, 42][88, 95, 77]"
Images\IMG_20190427_121153.jpg,"[171, 167, 182][129, 131, 143][209, 207, 208][167, 168, 172][63, 66, 71]"
Images\IMG_20190514_063359_135.jpg,"[131, 131, 133][74, 102, 124][93, 140, 166][139, 207, 226][60, 72, 88]"
Images\IMG_20190526_195943.jpg,"[85, 86, 91][160, 160, 160][49, 50, 44][163, 181, 195][228, 234, 234]"
Images\IMG_20190527_131405_378.jpg,"[178, 191, 208][197, 206, 223][141, 158, 174][90, 111, 128][209, 221, 235]"
Images\IMG_20190528_210658_404.jpg,"[216, 216, 204][147, 148, 130][101, 115, 124][72, 77, 73][139, 143, 152]"
Images\IMG_20190624_233531_844.jpg,"[75, 78, 87][103, 107, 118][195, 205, 217][26, 30, 31][30, 28, 41]"
Images\IMG_20190624_233531_846.jpg,"[86, 75, 83][21, 25, 28][168, 174, 190][165, 152, 162][217, 217, 225]"
Images\IMG_20190627_021919_774.jpg,"[91, 105, 70][58, 62, 37][115, 147, 136][231, 241, 232][215, 217, 195]"
Images\IMG_20190713_110857-PANO.jpg,"[71, 88, 104][87, 92, 95][40, 49, 56][155, 177, 190][106, 125, 142]"
Images\IMG_20190714_150738.jpg,"[161, 162, 164][199, 211, 225][87, 88, 83][78, 77, 91][111, 116, 119]"
Images\IMG_20190716_174938_530.jpg,"[59, 65, 65][120, 128, 130][95, 94, 89][168, 176, 178][137, 151, 154]"
Images\IMG_20190720_180519_565.jpg,"[200, 208, 219][92, 161, 158][92, 73, 66][139, 140, 144][85, 96, 98]"
Images\IMG_20190801_231024_939~3.jpg,"[61, 71, 80][179, 197, 217][11, 24, 43][3, 6, 11][31, 36, 40]"
Images\IMG_20190804_203827.jpg,"[136, 120, 97][159, 158, 154][34, 26, 24][230, 219, 197][186, 187, 191]"
Images\IMG_20190804_215047_568.jpg,"[156, 168, 182][193, 208, 229][96, 106, 116][130, 142, 154][53, 69, 92]"
Images\IMG_20190809_054125.jpg,"[141, 130, 144][195, 205, 241][53, 61, 80][174, 183, 224][124, 126, 167]"
Images\IMG_20190809_055606.jpg,"[23, 33, 42][225, 225, 237][108, 123, 144][53, 72, 89][75, 101, 124]"
Images\IMG_20190809_055633.jpg,"[54, 81, 102][234, 235, 240][79, 109, 133][147, 155, 166][15, 27, 41]"
Images\IMG_20190809_061606.jpg,"[96, 86, 76][105, 101, 89][122, 118, 109][226, 228, 225][140, 132, 109]"
Images\IMG_20190809_083252.jpg,"[61, 69, 82][124, 133, 150][205, 217, 241][166, 188, 227][13, 14, 18]"
Images\IMG_20190809_135905_256.jpg,"[92, 104, 116][189, 206, 234][50, 59, 66][9, 13, 16][152, 170, 190]"
Images\IMG_20190811_235749_395.jpg,"[158, 171, 180][172, 172, 170][209, 217, 228][145, 144, 140][99, 101, 96]"
Images\IMG_20190814_224250_913.jpg,"[181, 199, 219][12, 23, 19][114, 113, 57][38, 60, 83][73, 75, 36]"
Images\IMG_20190817_134105.jpg,"[121, 132, 118][95, 136, 132][58, 116, 120][86, 113, 104][159, 168, 163]"
Images\IMG_20190825_174632.jpg,"[45, 48, 67][140, 151, 155][72, 87, 94][49, 53, 52][232, 237, 240]"
Images\IMG_20190827_143147.jpg,"[146, 148, 147][76, 74, 98][170, 187, 233][123, 125, 148][181, 183, 182]"
Images\IMG_20190905_115358.jpg,"[91, 108, 115][151, 166, 173][108, 129, 132][71, 71, 73][132, 132, 134]"
Images\IMG_20190906_122450.jpg,"[21, 35, 38][132, 132, 130][89, 108, 148][222, 241, 248][38, 59, 104]"
Images\IMG_20190906_122523.jpg,"[58, 62, 63][115, 113, 114][182, 205, 237][144, 141, 136][153, 179, 212]"
Images\IMG_20190906_122647.jpg,"[30, 44, 81][137, 109, 123][213, 222, 239][80, 72, 70][130, 129, 124]"
Images\IMG_20190906_171852_370.jpg,"[155, 145, 153][125, 117, 130][97, 63, 80][176, 175, 171][56, 70, 97]"
Images\IMG_20190906_195645.jpg,"[55, 60, 63][191, 200, 209][121, 130, 139][23, 31, 33][71, 84, 90]"
Images\IMG_20190907_170547.jpg,"[121, 129, 118][145, 151, 141][173, 188, 181][99, 107, 96][57, 59, 46]"
Images\IMG_20190908_124757.jpg,"[79, 131, 144][252, 251, 247][64, 75, 71][49, 84, 88][145, 148, 165]"
Images\IMG_20190908_125728.jpg,"[88, 146, 148][128, 129, 123][69, 75, 65][189, 198, 195][36, 83, 101]"
Images\IMG_20190911_081319.jpg,"[201, 205, 208][135, 144, 151][67, 89, 87][84, 103, 109][34, 45, 37]"
Images\IMG_20190922_112423~2.jpg,"[155, 158, 151][121, 124, 115][84, 87, 76][221, 221, 223][29, 28, 24]"
Images\IMG_20190922_174538_537.jpg,"[97, 98, 84][127, 126, 124][92, 129, 96][234, 236, 235][56, 61, 39]"
Images\IMG_20190924_195000.jpg,"[73, 35, 32][108, 79, 47][133, 101, 90][113, 73, 61][168, 110, 73]"
Images\IMG_20190930_065614.jpg,"[104, 150, 184][194, 210, 233][127, 170, 205][158, 165, 181][29, 35, 47]"
Images\IMG_20190930_082717.jpg,"[136, 165, 183][57, 79, 77][15, 21, 35][226, 242, 255][12, 31, 61]"
Images\IMG_20190930_210821_208.jpg,"[115, 159, 198][47, 38, 43][153, 144, 129][69, 115, 151][103, 125, 162]"
Images\IMG_20191002_232651.jpg,"[153, 148, 144][84, 58, 61][87, 80, 64][46, 51, 45][90, 21, 24]"
Images\IMG_20191003_200559.jpg,"[236, 237, 232][160, 163, 156][116, 119, 112][56, 58, 47][95, 98, 91]"
Images\IMG_20191004_153127.jpg,"[121, 122, 106][180, 178, 165][240, 243, 234][148, 152, 135][79, 81, 67]"
Images\IMG_20191006_200622.jpg,"[40, 36, 24][7, 8, 10][117, 112, 116][82, 73, 64][54, 51, 60]"
Images\IMG_20191017_211235_581.jpg,"[93, 56, 48][72, 73, 57][142, 88, 86][86, 72, 59][103, 98, 94]"
Images\IMG_20191018_165804.jpg,"[128, 77, 46][178, 166, 150][103, 59, 34][77, 31, 16][105, 89, 76]"
Images\IMG_20191023_173256.jpg,"[134, 121, 79][66, 87, 82][50, 71, 64][26, 50, 37][32, 56, 56]"
Images\IMG_20191023_173356.jpg,"[34, 51, 45][109, 119, 120][159, 159, 161][209, 207, 208][178, 179, 200]"
Images\IMG_20191023_202838_381.jpg,"[74, 113, 108][125, 143, 143][60, 96, 94][173, 183, 184][45, 75, 75]"
Images\IMG_20191024_175412.jpg,"[82, 77, 73][122, 122, 120][210, 210, 212][91, 94, 85][150, 146, 145]"
Images\IMG_20191027_181637.jpg,"[134, 87, 61][137, 105, 64][80, 41, 24][221, 188, 145][162, 123, 84]"
Images\IMG_20191031_130618.jpg,"[155, 158, 141][48, 62, 62][168, 189, 208][102, 123, 124][71, 97, 96]"
Images\IMG_20191103_165134.jpg,"[126, 120, 120][159, 150, 155][71, 56, 53][10, 0, 0][102, 102, 104]"
Images\IMG_20191107_163520_271.jpg,"[150, 152, 149][188, 190, 187][113, 104, 89][231, 230, 226][73, 66, 56]"
Images\IMG_20191110_173641_507.jpg,"[100, 102, 99][57, 58, 53][70, 72, 67][148, 150, 149][227, 228, 230]"
Images\IMG_20191201_202150.jpg,"[95, 90, 58][155, 162, 146][143, 134, 95][56, 63, 47][218, 226, 228]"
Images\IMG_20191203_213606.jpg,"[100, 109, 108][173, 197, 225][189, 201, 215][167, 174, 182][142, 154, 152]"
Images\IMG_20191203_221358.jpg,"[221, 220, 225][77, 94, 84][114, 127, 117][142, 139, 130][150, 162, 152]"
Images\IMG_20191204_182617_605.jpg,"[80, 89, 34][143, 171, 175][199, 222, 216][42, 68, 83][76, 109, 116]"
Images\IMG_20191205_202522_084.jpg,"[47, 59, 71][62, 128, 150][241, 242, 246][143, 146, 163][33, 80, 86]"
Images\IMG_20191205_203414_919.jpg,"[112, 134, 157][177, 214, 243][95, 103, 124][63, 68, 88][78, 84, 106]"
Images\IMG_20191205_203650_264.jpg,"[86, 87, 71][53, 57, 43][134, 145, 129][163, 186, 178][106, 114, 99]"
Images\IMG_20191207_185643_583.jpg,"[90, 74, 58][17, 8, 11][59, 40, 23][43, 36, 26][166, 139, 122]"
Images\IMG_20191210_170844.jpg,"[67, 46, 55][73, 62, 56][48, 24, 24][21, 11, 72][26, 19, 26]"
Images\IMG_20191212_222702_080.jpg,"[63, 75, 53][40, 48, 35][62, 65, 56][182, 185, 176][102, 101, 97]"
Images\IMG_20191215_185308.jpg,"[160, 146, 146][87, 55, 34][114, 95, 88][17, 12, 8][79, 67, 77]"
Images\IMG_20191216_193051_529.jpg,"[184, 190, 188][242, 225, 243][113, 81, 94][163, 164, 168][228, 229, 233]"
Images\IMG_20191216_193520_137.jpg,"[173, 112, 179][50, 51, 69][143, 152, 169][228, 238, 240][188, 190, 213]"
Images\IMG_20191216_194318_809.jpg,"[83, 73, 71][245, 245, 247][192, 198, 198][152, 153, 155][235, 241, 241]"
Images\IMG_20191216_194540_656.jpg,"[42, 48, 62][115, 127, 139][177, 190, 199][221, 235, 246][231, 250, 254]"
Images\IMG_20191216_194906_316.jpg,"[178, 213, 233][202, 228, 243][149, 156, 164][101, 99, 100][218, 235, 245]"
Images\IMG_20191216_195308_217.jpg,"[156, 178, 191][119, 139, 148][180, 211, 229][211, 229, 241][185, 211, 236]"
Images\IMG_20191216_195957_374.jpg,"[224, 228, 231][198, 201, 206][184, 188, 189][168, 171, 176][142, 143, 148]"
Images\IMG_20191218_200503_193.jpg,"[192, 172, 165][193, 188, 185][96, 82, 73][47, 38, 31][143, 130, 121]"
Images\IMG_20191218_200758_314.jpg,"[77, 74, 65][43, 43, 35][167, 162, 159][236, 224, 226][123, 120, 113]"
Images\IMG_20191225_095923_648.jpg,"[46, 48, 45][214, 229, 234][195, 167, 163][134, 144, 120][70, 84, 49]"
Images\IMG_20191225_100202_964.jpg,"[181, 219, 204][80, 121, 89][101, 147, 110][88, 135, 101][63, 103, 76]"
Images\IMG_20191225_100320_020.jpg,"[148, 160, 156][157, 157, 149][75, 72, 57][193, 201, 212][116, 125, 122]"
Images\IMG_20191231_145608_376.jpg,"[117, 133, 159][205, 215, 227][150, 161, 181][104, 123, 166][78, 95, 139]"
Images\IMG_20200105_171908_199.jpg,"[71, 67, 64][143, 141, 146][104, 102, 103][45, 41, 38][73, 72, 80]"
Images\IMG_20200107_141443_723.jpg,"[183, 191, 193][36, 40, 39][62, 76, 77][96, 106, 107][128, 138, 137]"
Images\IMG_20200107_194626.jpg,"[85, 72, 63][25, 20, 17][51, 39, 27][140, 127, 110][84, 74, 49]"
Images\IMG_20200110_203900_exported_1323_1580499896710.jpg,"[103, 109, 123][77, 65, 43][25, 27, 14][17, 13, 12][143, 140, 133]"
Images\IMG_20200110_205547_exported_240_1580499949483.jpg,"[3, 3, 1][8, 4, 3][27, 21, 21][16, 12, 11][65, 55, 56]"
Images\IMG_20200112_125138_exported_1004_1578843450107.jpg,"[49, 49, 49][81, 81, 81][103, 103, 103][192, 192, 192][133, 133, 133]"
Images\IMG_20200112_135137_083.jpg,"[170, 161, 144][62, 53, 46][97, 86, 68][109, 98, 94][110, 107, 116]"
Images\IMG_20200112_135137_086.jpg,"[99, 98, 106][107, 95, 81][64, 59, 55][148, 143, 147][190, 173, 153]"
Images\IMG_20200112_193435.jpg,"[166, 156, 157][71, 65, 65][42, 38, 39][11, 11, 11][24, 22, 23]"
Images\IMG_20200119_183002.jpg,"[108, 91, 83][78, 63, 40][199, 180, 166][69, 51, 63][60, 47, 41]"
Images\IMG_20200120_144623.jpg,"[168, 151, 123][68, 61, 53][154, 169, 188][141, 161, 188][113, 118, 124]"
Images\IMG_20200120_153827_1.jpg,"[216, 218, 213][134, 135, 129][39, 38, 34][166, 168, 163][97, 89, 78]"
Images\IMG_20200120_183824.jpg,"[72, 52, 41][121, 110, 104][37, 44, 50][180, 166, 157][11, 16, 20]"
Images\IMG_20200121_114004.jpg,"[200, 208, 219][117, 110, 104][168, 161, 155][235, 236, 241][66, 56, 54]"
Images\IMG_20200121_133451.jpg,"[80, 79, 58][131, 128, 109][212, 218, 218][125, 121, 73][156, 154, 103]"
Images\IMG_20200121_152245.jpg,"[143, 148, 118][104, 109, 53][160, 173, 181][205, 215, 214][173, 182, 199]"
Images\IMG_20200122_074941.jpg,"[91, 89, 50][204, 208, 211][63, 61, 22][206, 222, 245][135, 128, 76]"
Images\IMG_20200122_075737.jpg,"[155, 158, 89][120, 110, 100][209, 220, 240][85, 84, 40][46, 45, 41]"
Images\IMG_20200122_080434.jpg,"[201, 204, 223][179, 173, 159][122, 120, 46][115, 122, 130][164, 185, 212]"
Images\IMG_20200122_081255.jpg,"[211, 182, 138][133, 120, 78][65, 63, 48][190, 194, 193][186, 185, 199]"
Images\IMG_20200122_172059_exported_0_1579702904598.jpg,"[107, 99, 50][201, 204, 209][116, 112, 100][181, 161, 136][50, 46, 37]"
Images\IMG_20200122_173416.jpg,"[84, 84, 50][129, 131, 84][113, 112, 81][211, 209, 214][103, 110, 58]"
Images\IMG_20200123_113932.jpg,"[111, 123, 61][123, 124, 67][97, 100, 47][119, 100, 58][173, 152, 109]"
Images\IMG_20200126_143450.jpg,"[138, 108, 108][145, 142, 135][92, 77, 72][199, 180, 176][184, 187, 178]"
Images\IMG_20200131_151127.jpg,"[168, 191, 223][94, 89, 70][110, 67, 35][84, 48, 32][171, 91, 68]"
Images\IMG_20200131_151322.jpg,"[87, 65, 51][88, 86, 97][140, 136, 135][204, 208, 219][31, 24, 14]"
Images\IMG_20200131_151400.jpg,"[74, 80, 94][229, 215, 232][89, 93, 76][138, 136, 139][53, 56, 35]"
Images\IMG_20200308_142352.jpg,"[73, 75, 51][61, 74, 83][117, 153, 187][163, 196, 213][94, 136, 176]"
Images\IMG_20200310_125632_540.jpg,"[137, 109, 95][180, 184, 183][51, 48, 43][109, 73, 59][181, 153, 142]"
Images\IMG_20200408_191921_660.jpg,"[79, 70, 75][188, 184, 172][132, 68, 56][45, 41, 40][86, 54, 43]"
Images\IMG_20200507_171515_856.jpg,"[118, 147, 117][139, 166, 115][100, 133, 78][170, 186, 173][59, 97, 46]"
Images\IMG_20200510_110105_247.jpg,"[181, 164, 144][158, 152, 116][139, 123, 100][109, 93, 70][114, 108, 72]"
Images\IMG_20200523_111146.jpg,"[180, 189, 204][119, 132, 52][42, 52, 27][90, 107, 115][98, 113, 32]"
Images\IMG_20200601_143526_877.jpg,"[32, 55, 39][119, 160, 214][120, 148, 71][91, 120, 36][62, 84, 22]"
Images\IMG_20200606_095338_306.jpg,"[64, 58, 42][32, 33, 15][106, 94, 82][68, 67, 21][23, 14, 9]"
Images\IMG_20200611_185547_661.jpg,"[93, 127, 128][52, 63, 55][169, 190, 207][53, 77, 105][106, 157, 202]"
Images\IMG_20200612_191159.jpg,"[149, 160, 166][90, 97, 90][85, 98, 104][97, 112, 81][53, 64, 56]"
Images\IMG_20200612_205747.jpg,"[94, 131, 79][166, 106, 106][53, 81, 40][122, 157, 103][72, 105, 58]"
Images\IMG_20200626_185845.jpg,"[110, 115, 51][93, 94, 50][172, 138, 111][127, 131, 72][153, 159, 95]"
Images\IMG_20200626_185935~2.jpg,"[126, 99, 90][134, 127, 101][173, 151, 101][103, 86, 43][116, 121, 63]"
Images\IMG_20200626_190055.jpg,"[85, 96, 28][148, 139, 130][131, 154, 82][115, 130, 63][94, 117, 39]"
Images\IMG_20200627_082738.jpg,"[155, 154, 149][100, 98, 83][120, 122, 121][50, 53, 32][73, 77, 50]"
Images\IMG_20200629_225931_752.jpg,"[71, 43, 29][141, 157, 82][167, 141, 128][85, 102, 24][117, 131, 56]"
Images\IMG_20200704_075319.jpg,"[46, 53, 35][120, 137, 167][98, 107, 114][135, 154, 196][158, 176, 216]"
Images\IMG_20200709_191404.jpg,"[110, 117, 101][118, 113, 107][68, 68, 58][166, 161, 155][77, 39, 36]"
Images\IMG_20200718_090720.jpg,"[95, 84, 78][77, 84, 30][91, 118, 37][168, 166, 109][105, 109, 59]"
Images\IMG_20200721_210602.jpg,"[50, 60, 51][137, 137, 149][106, 108, 121][156, 153, 162][199, 202, 217]"
Images\IMG_20200722_053217.jpg,"[117, 132, 65][156, 150, 150][207, 210, 219][222, 209, 201][50, 50, 48]"
Images\IMG_20200725_073849.jpg,"[46, 62, 36][89, 117, 40][140, 158, 134][103, 125, 87][82, 99, 63]"
Images\IMG_20200725_081331.jpg,"[79, 81, 67][179, 189, 191][40, 45, 39][79, 91, 91][112, 114, 100]"
Images\IMG_20200731_074107~2_exported_33_1596472285617.jpg,"[161, 161, 161][91, 75, 78][155, 116, 101][114, 74, 48][220, 196, 194]"
Images\IMG_20200801_090331.jpg,"[142, 160, 180][126, 134, 145][130, 143, 133][153, 185, 232][100, 108, 119]"
Images\IMG_20200801_090331~2.jpg,"[142, 146, 147][119, 114, 110][130, 133, 142][124, 155, 124][165, 197, 236]"
Images\IMG_20200801_103046~2.jpg,"[106, 120, 133][75, 89, 102][125, 137, 149][218, 226, 229][93, 109, 124]"
Images\IMG_20200801_103049.jpg,"[74, 78, 77][100, 109, 118][147, 135, 123][210, 213, 222][163, 171, 182]"
Images\IMG_20200801_191549.jpg,"[70, 69, 48][109, 116, 122][197, 196, 210][119, 111, 88][127, 136, 135]"
Images\IMG_20200809_230624_782.jpg,"[104, 81, 65][137, 121, 95][59, 42, 22][212, 189, 171][97, 81, 55]"
Images\IMG_20200812_090559.jpg,"[79, 83, 66][91, 99, 62][72, 79, 45][132, 137, 117][49, 57, 34]"
Images\IMG_20200812_090907.jpg,"[81, 90, 47][154, 171, 197][92, 108, 81][108, 122, 60][91, 102, 42]"
Images\IMG_20200812_124335.jpg,"[126, 127, 122][185, 158, 137][103, 86, 56][91, 71, 62][101, 111, 147]"
Images\IMG_20200815_082916_998.jpg,"[24, 117, 124][28, 98, 108][116, 167, 194][178, 200, 214][54, 144, 155]"
Images\IMG_20200815_180949_606.jpg,"[114, 132, 108][163, 169, 155][125, 122, 105][211, 220, 219][82, 75, 56]"
Images\IMG_20200823_151611.jpg,"[123, 90, 75][82, 66, 53][62, 20, 6][163, 132, 114][101, 46, 15]"
Images\IMG_20200825_154630.jpg,"[102, 119, 139][85, 107, 86][74, 93, 87][200, 212, 226][62, 78, 93]"
Images\IMG_20200825_155124~2.jpg,"[110, 119, 98][66, 86, 77][60, 77, 87][88, 84, 81][102, 102, 102]"
Images\IMG_20200825_180219.jpg,"[120, 114, 118][128, 131, 110][137, 170, 211][75, 124, 203][57, 58, 63]"
Images\IMG_20200825_181405.jpg,"[27, 36, 53][133, 168, 224][155, 157, 108][85, 88, 67][118, 126, 128]"
Images\IMG_20200825_181523.jpg,"[72, 71, 50][78, 77, 75][55, 63, 76][137, 158, 177][103, 120, 148]"
Images\IMG_20200825_201948.jpg,"[63, 61, 64][48, 47, 61][196, 204, 215][94, 96, 121][69, 64, 44]"
Images\IMG_20200826_075439.jpg,"[97, 96, 68][93, 92, 88][181, 184, 189][54, 57, 62][63, 76, 93]"
Images\IMG_20200826_082010.jpg,"[84, 82, 85][89, 100, 120][171, 175, 187][47, 55, 74][95, 92, 99]"
Images\IMG_20200826_083435.jpg,"[79, 43, 45][186, 145, 139][151, 104, 96][60, 56, 73][164, 173, 202]"
Images\IMG_20200826_083509.jpg,"[93, 103, 128][147, 130, 112][38, 45, 63][133, 154, 197][154, 175, 218]"
Images\IMG_20200826_083509_1.jpg,"[164, 154, 142][48, 53, 72][130, 114, 99][157, 179, 218][131, 153, 192]"
Images\IMG_20200826_083512.jpg,"[129, 156, 201][124, 115, 106][32, 44, 70][89, 115, 166][161, 186, 227]"
Images\IMG_20200826_115709.jpg,"[108, 89, 74][86, 63, 45][103, 105, 117][139, 138, 136][53, 42, 40]"
Images\IMG_20200829_093440.jpg,"[44, 39, 35][75, 70, 67][106, 100, 102][84, 84, 56][149, 143, 147]"
Images\IMG_20200903_195239.jpg,"[151, 155, 167][55, 58, 65][66, 70, 97][216, 216, 190][180, 181, 186]"
Images\IMG_20200903_195249.jpg,"[121, 127, 143][112, 111, 119][173, 185, 211][39, 37, 42][81, 76, 80]"
Images\IMG_20200904_064437-PANO.jpg,"[109, 111, 110][93, 95, 94][176, 179, 170][77, 79, 78][86, 87, 91]"
Images\IMG_20200904_075505.jpg,"[59, 67, 80][149, 170, 199][205, 11, 108][87, 124, 177][155, 141, 140]"
Images\IMG_20200904_085752.jpg,"[143, 176, 211][42, 97, 127][127, 113, 130][96, 132, 154][60, 66, 88]"
Images\IMG_20200904_150040.jpg,"[190, 194, 193][61, 59, 47][132, 132, 122][99, 95, 83][160, 163, 156]"
Images\IMG_20200904_150711.jpg,"[119, 116, 109][155, 180, 174][114, 155, 149][207, 196, 194][60, 63, 44]"
Images\IMG_20200918_104533.jpg,"[118, 114, 111][63, 54, 45][148, 92, 93][143, 147, 146][175, 173, 178]"
Images\IMG_20200919_071422.jpg,"[98, 76, 55][24, 18, 18][199, 187, 161][172, 166, 170][147, 148, 150]"
Images\IMG_20200919_073922.jpg,"[212, 207, 185][139, 138, 134][166, 163, 158][110, 107, 100][42, 47, 51]"
Images\IMG_20200919_085457~2.jpg,"[119, 154, 194][78, 98, 125][185, 193, 214][207, 219, 233][42, 49, 65]"
Images\IMG_20200919_191102.jpg,"[147, 152, 145][123, 130, 138][130, 118, 120][204, 204, 204][82, 46, 56]"
Images\IMG_20200920_132459.jpg,"[173, 142, 121][130, 92, 73][104, 91, 46][115, 125, 91][164, 160, 112]"
Images\IMG_20200926_102700.jpg,"[157, 150, 140][97, 83, 80][134, 127, 117][194, 193, 188][14, 14, 12]"
Images\IMG_20200926_222212.jpg,"[10, 6, 7][79, 29, 38][115, 85, 83][48, 19, 24][124, 58, 70]"
Images\IMG_20200926_222349.jpg,"[84, 66, 44][93, 72, 55][135, 135, 127][106, 83, 65][89, 41, 27]"
Images\IMG_20200926_223149.jpg,"[142, 102, 92][180, 131, 127][144, 82, 71][112, 75, 59][155, 132, 116]"
Images\IMG_20200926_224231.jpg,"[209, 192, 176][128, 115, 106][109, 79, 55][68, 58, 49][34, 23, 17]"
Images\IMG_20200927_112458.jpg,"[170, 157, 115][116, 124, 75][82, 101, 37][123, 104, 61][40, 58, 20]"
Images\IMG_20201002_182800.jpg,"[60, 54, 54][86, 91, 94][136, 126, 114][82, 77, 71][106, 94, 82]"
Images\IMG_20201002_183535.jpg,"[101, 99, 100][172, 175, 166][62, 74, 38][53, 57, 58][138, 146, 165]"
Images\IMG_20201004_063928-PANO.jpg,"[57, 50, 42][52, 63, 67][132, 160, 172][152, 198, 221][87, 107, 116]"
Images\IMG_20201004_063951~2.jpg,"[59, 71, 85][90, 108, 128][109, 136, 165][49, 50, 44][131, 185, 231]"
Images\IMG_20201004_081701.jpg,"[125, 113, 113][208, 222, 225][116, 124, 113][76, 55, 60][155, 85, 34]"
Images\IMG_20201009_200202.jpg,"[132, 121, 117][160, 158, 163][164, 148, 132][99, 88, 82][203, 193, 183]"
Images\IMG_20201010_142443~2.jpg,"[92, 88, 103][70, 40, 29][189, 192, 197][160, 141, 135][114, 85, 69]"
Images\IMG_20201015_191921_044.jpg,"[218, 221, 226][149, 143, 147][204, 200, 197][220, 214, 224][76, 81, 84]"
Images\IMG_20201018_165320_010.jpg,"[157, 165, 176][207, 205, 226][69, 68, 74][201, 210, 225][109, 112, 119]"
Images\IMG_20201025_133126.jpg,"[181, 198, 218][164, 124, 88][105, 112, 122][157, 168, 186][79, 74, 70]"
Images\IMG_20201025_133138.jpg,"[166, 177, 195][185, 197, 219][148, 161, 180][105, 90, 71][88, 95, 101]"
Images\IMG_20201025_183127~2.jpg,"[43, 48, 54][82, 95, 78][143, 140, 125][45, 47, 36][108, 105, 90]"
Images\IMG_20201031_232438_276.jpg,"[36, 11, 15][85, 71, 62][64, 23, 39][7, 3, 4][167, 138, 134]"
Images\IMG_20201112_102752_210.jpg,"[83, 92, 99][118, 131, 140][202, 220, 234][159, 177, 197][42, 51, 60]"
Images\IMG_20201121_090252.jpg,"[145, 167, 144][145, 183, 230][75, 89, 124][119, 168, 226][167, 204, 248]"
Images\IMG_20201121_100739.jpg,"[143, 138, 135][88, 63, 59][110, 114, 115][176, 178, 177][136, 144, 147]"
Images\IMG_20201127_190649.jpg,"[180, 176, 165][51, 41, 31][86, 80, 64][196, 193, 178][117, 111, 97]"
Images\IMG_20201128_093850.jpg,"[156, 137, 107][122, 117, 113][77, 65, 51][163, 189, 222][74, 73, 68]"
Images\IMG_20201128_134134_297.jpg,"[100, 102, 99][203, 220, 238][203, 210, 216][188, 196, 209][215, 219, 230]"
Images\IMG_20201212_141438.jpg,"[115, 140, 197][96, 98, 84][127, 115, 103][76, 67, 62][109, 98, 96]"
Images\IMG_20210110_105738.jpg,"[106, 106, 104][129, 129, 129][148, 149, 144][187, 186, 182][52, 52, 50]"
Images\IMG_20210112_210154.jpg,"[132, 125, 117][183, 168, 161][88, 75, 67][159, 130, 122][16, 13, 6]"
Images\IMG_20210116_150646~2.jpg,"[116, 112, 111][92, 63, 65][165, 89, 93][43, 28, 31][34, 34, 34]"
Images\IMG_20210116_150652~2.jpg,"[173, 168, 164][119, 114, 110][92, 85, 77][88, 83, 87][52, 47, 43]"
Images\IMG_20210121_110009.jpg,"[110, 108, 96][89, 85, 73][79, 88, 45][129, 132, 105][175, 170, 164]"
Images\IMG_20210122_091009~2.jpg,"[97, 102, 106][112, 119, 129][133, 141, 152][75, 75, 77][183, 190, 200]"
Images\IMG_20210122_103227~2.jpg,"[85, 89, 74][77, 75, 89][101, 106, 84][128, 133, 111][113, 106, 114]"
Images\IMG_20210125_203618.jpg,"[133, 103, 77][66, 57, 48][237, 236, 234][45, 35, 25][174, 139, 119]"
Images\IMG_20210125_204213.jpg,"[38, 39, 44][195, 189, 173][34, 21, 15][141, 119, 106][102, 84, 72]"
Images\IMG_20210210_213853_636.jpg,"[193, 201, 214][125, 129, 140][112, 95, 75][164, 143, 124][54, 56, 53]"
Images\IMG_20210214_122956.jpg,"[187, 195, 214][56, 43, 34][196, 164, 143][228, 240, 252][185, 182, 193]"
Images\IMG_20210228_152802_436.jpg,"[122, 133, 151][104, 108, 109][87, 87, 75][69, 75, 71][165, 190, 230]"
Images\IMG_20210228_175337.jpg,"[79, 79, 79][173, 187, 200][101, 100, 98][99, 93, 93][54, 54, 54]"
Images\IMG_20210228_184253.jpg,"[112, 111, 65][101, 79, 58][204, 166, 130][146, 114, 89][48, 69, 36]"
Images\IMG_20210302_180139.jpg,"[99, 107, 110][78, 87, 92][119, 106, 100][59, 63, 62][171, 158, 152]"
Images\IMG_20210319_210141_290.jpg,"[143, 142, 138][110, 106, 103][41, 41, 33][197, 203, 203][176, 89, 106]"
Images\IMG_20210323_194155.jpg,"[38, 38, 40][33, 124, 215][106, 70, 56][201, 138, 97][166, 114, 75]"
Images\IMG_20210325_131253_092~2.jpg,"[173, 185, 199][135, 135, 137][106, 104, 109][115, 97, 95][56, 51, 48]"
Images\IMG_20210325_185135.jpg,"[114, 111, 118][70, 59, 53][101, 93, 82][76, 73, 66][196, 196, 194]"
Images\IMG_20210325_185919~2.jpg,"[139, 120, 126][195, 191, 190][24, 27, 34][132, 142, 152][49, 48, 62]"
Images\IMG_20210325_190254.jpg,"[78, 82, 91][139, 158, 175][172, 186, 199][79, 71, 69][125, 129, 138]"
Images\IMG_20210402_101847.jpg,"[147, 133, 98][165, 160, 157][72, 68, 57][107, 101, 101][72, 69, 80]"
Images\IMG_2745.JPG,"[97, 83, 56][48, 63, 22][18, 17, 13][183, 98, 101][183, 148, 120]"
Images\IMG_2776.JPG,"[154, 187, 196][71, 107, 141][151, 175, 151][108, 164, 225][168, 193, 171]"
Images\IMG_4151.JPG,"[92, 55, 28][129, 83, 49][134, 117, 110][158, 68, 78][214, 191, 183]"
Images\IMG_4166.JPG,"[180, 144, 130][96, 69, 52][61, 38, 20][230, 225, 221][125, 100, 80]"
Images\IMG_4177.JPG,"[112, 93, 89][188, 178, 177][131, 45, 70][46, 48, 35][66, 51, 48]"
Images\IMG_7302~2.JPG,"[112, 87, 67][184, 188, 187][155, 145, 136][203, 200, 195][21, 16, 13]"
Images\IMG_7320.JPG,"[186, 184, 172][156, 146, 136][48, 45, 40][234, 240, 230][116, 109, 103]"
Images\IMG_7321.JPG,"[238, 238, 236][84, 88, 74][146, 140, 104][33, 34, 26][121, 88, 71]"
Images\IMG_7350.JPG,"[119, 91, 69][158, 175, 195][170, 149, 132][82, 35, 19][243, 243, 245]"
Images\IMG_9078.JPG,"[170, 179, 186][205, 171, 144][151, 147, 144][217, 226, 233][177, 154, 136]"
Images\MVIMG_20200110_205541.jpg,"[6, 6, 4][32, 23, 24][6, 1, 0][11, 6, 10][57, 47, 48]"
Images\MVIMG_20200112_191059.jpg,"[218, 213, 217][132, 68, 82][38, 24, 24][20, 17, 12][64, 60, 57]"
Images\MVIMG_20200112_200035.jpg,"[95, 94, 108][51, 50, 64][24, 24, 34][193, 196, 213][34, 34, 44]"
Images\original_17ca20eb-d1e4-452f-9666-604a19a4296c_IMG_20200711_204526_exported_466_1594703056537.jpg,"[152, 152, 164][194, 180, 141][112, 98, 72][67, 38, 58][66, 48, 34]"
Images\original_22c02b51-de5b-4352-9dc0-f02d89af99bc_IMG_20210214_082535.jpg,"[10, 104, 129][53, 85, 82][83, 98, 167][12, 34, 135][101, 87, 78]"
Images\original_69542b3c-3700-4c17-98b3-a5f228e5f94c_IMG_20201121_140916.jpg,"[144, 116, 95][173, 153, 142][214, 220, 220][97, 74, 60][130, 121, 106]"
Images\original_6ba0fc15-13e5-415b-9976-6677e47bd66e_IMG_20210206_132845.jpg,"[208, 200, 198][130, 97, 90][185, 135, 146][133, 29, 66][141, 134, 116]"
Images\original_866e2d4c-55c3-40b8-a0bd-6462e03dc8a7_MVIMG_20200112_193551.jpg,"[177, 171, 171][104, 102, 103][45, 43, 44][71, 69, 70][25, 23, 24]"
Images\original_af2d5d02-b8d1-40c9-ad44-208b828f795a_IMG_20201108_072824.jpg,"[136, 106, 46][198, 197, 205][68, 58, 49][92, 72, 35][56, 55, 71]"
Images\original_b58541c0-adbf-47fa-aedc-0e352ba29776_IMG_20210306_121831.jpg,"[109, 112, 67][109, 93, 67][62, 82, 33][120, 132, 86][86, 104, 56]"
Images\original_e96b7283-c2f6-4a63-b786-be0f17643d95_IMG_20200112_114750_exported_441_1580500076436.jpg,"[72, 66, 70][74, 66, 43][108, 107, 112][112, 101, 81][156, 152, 141]"
Images\P9160027 - Kopie (2).JPG,"[3, 0, 0][17, 20, 13][54, 51, 46][2, 2, 2][101, 97, 85]"
Images\P9160061.JPG,"[96, 159, 164][165, 196, 227][43, 71, 49][122, 186, 188][93, 131, 120]"
Images\P9160067.JPG,"[45, 54, 37][130, 151, 178][150, 201, 186][90, 120, 156][123, 153, 163]"
Images\P9160070.JPG,"[150, 197, 181][153, 187, 225][116, 150, 187][144, 167, 138][39, 57, 41]"
Images\P9160073.JPG,"[56, 71, 40][153, 216, 207][168, 206, 217][124, 163, 206][157, 199, 185]"
Images\P9160078.JPG,"[138, 149, 115][96, 119, 67][103, 132, 140][52, 70, 32][172, 206, 218]"
Images\P9170097~2.JPG,"[132, 166, 201][57, 72, 65][97, 115, 129][53, 67, 78][135, 152, 159]"
Images\P9170101.JPG,"[99, 117, 121][67, 83, 108][38, 62, 40][119, 135, 99][24, 40, 102]"
Images\P9170114.JPG,"[8, 99, 170][3, 128, 184][0, 84, 151][9, 100, 145][0, 115, 173]"
Images\P9170115.JPG,"[9, 86, 140][10, 134, 172][0, 99, 156][1, 103, 128][14, 122, 186]"
Images\P9170127.JPG,"[121, 146, 150][181, 155, 154][77, 82, 85][99, 149, 198][157, 207, 198]"
Images\P9170128.JPG,"[173, 172, 167][61, 70, 67][81, 132, 197][117, 96, 93][111, 154, 199]"
Images\P9170137.JPG,"[45, 127, 141][84, 131, 113][2, 78, 127][127, 193, 183][12, 95, 135]"
Images\P9180033.JPG,"[117, 164, 180][65, 105, 154][85, 131, 181][56, 69, 59][140, 181, 175]"
Images\P9180034.JPG,"[148, 181, 222][104, 140, 174][145, 166, 157][72, 82, 55][164, 199, 192]"
Images\P9180044.JPG,"[40, 95, 177][23, 67, 200][78, 150, 128][35, 93, 71][60, 132, 156]"
Images\P9190149 - Kopie.JPG,"[49, 111, 148][38, 105, 158][58, 105, 123][32, 85, 135][29, 93, 141]"
Images\P9190150.JPG,"[4, 56, 80][12, 80, 117][0, 63, 111][64, 119, 150][116, 169, 200]"
Images\P9200079 - Kopie.JPG,"[175, 206, 226][106, 162, 219][94, 149, 203][119, 174, 230][100, 157, 212]"
Images\P9200095 - Kopie.JPG,"[91, 155, 201][94, 141, 193][124, 192, 227][180, 214, 252][104, 173, 215]"
Images\P9200104.JPG,"[73, 217, 254][54, 201, 245][55, 201, 238][37, 191, 217][59, 209, 244]"
Images\P9200187.JPG,"[115, 151, 177][92, 129, 155][72, 111, 140][136, 173, 200][109, 143, 168]"
Images\P9200193.JPG,"[135, 176, 204][36, 120, 144][40, 112, 126][92, 135, 128][67, 79, 57]"
Images\P9210137.JPG,"[136, 121, 150][101, 195, 255][85, 174, 255][71, 153, 252][132, 216, 242]"
Images\P9220142.JPG,"[134, 179, 159][122, 166, 141][122, 177, 180][140, 192, 188][124, 175, 166]"
Images\P9220143.JPG,"[112, 150, 151][151, 182, 187][135, 168, 173][117, 164, 172][137, 175, 186]"
Images\P9220152.JPG,"[151, 150, 156][122, 129, 145][150, 163, 172][56, 69, 78][86, 104, 124]"
Images\PANO_20200704_074831.vr.jpg,"[53, 71, 13][214, 231, 251][185, 192, 234][132, 159, 226][47, 54, 46]"
Images\PANO_20200711_204008.vr.jpg,"[101, 105, 90][139, 133, 121][186, 186, 176][70, 70, 60][141, 147, 145]"
Images\PANO_20200812_085526.vr.jpg,"[151, 157, 173][117, 123, 137][91, 97, 113][119, 132, 148][45, 51, 63]"
Images\PANO_20200826_085555.vr.jpg,"[119, 134, 157][85, 100, 123][67, 79, 103][186, 194, 213][103, 109, 131]"
Images\PANO_20200904_085226.vr.jpg,"[154, 177, 218][110, 126, 160][86, 117, 161][117, 151, 199][59, 68, 97]"
Images\PANO_20201004_063856.vr.jpg,"[36, 32, 0][60, 136, 224][35, 35, 61][87, 165, 231][52, 95, 163]"
Images\PANO_20201121_094319.vr.jpg,"[121, 150, 180][144, 179, 219][95, 116, 143][69, 107, 152][66, 95, 129]"
Images\PicsArt_03-06-03.22.50.jpg,"[107, 117, 80][182, 187, 165][188, 188, 188][142, 123, 119][250, 250, 250]"
Images\PicsArt_08-21-06.05.48.jpg,"[167, 134, 115][101, 75, 58][171, 166, 163][35, 26, 21][198, 199, 194]"
Images\PicsArt_11-16-06.44.16.jpg,"[120, 157, 210][71, 113, 185][150, 148, 153][123, 123, 125][93, 89, 86]"
Images\Picture 0013.jpg,"[146, 161, 154][115, 126, 118][42, 37, 34][85, 75, 73][109, 105, 96]"
Images\received_546014259570976_exported_4249_1616951627669.jpg,"[194, 200, 216][111, 102, 103][134, 133, 139][83, 74, 75][96, 100, 103]"
Images\SabrinaGustaf_extra-40.jpg,"[170, 127, 74][233, 192, 146][93, 67, 44][53, 32, 41][168, 132, 110]"
Images\unspecified (2).jpg,"[179, 146, 137][153, 125, 121][72, 47, 51][117, 89, 88][198, 164, 152]"
Images\unspecified (5).jpg,"[107, 104, 97][86, 81, 75][140, 132, 121][26, 25, 21][176, 168, 157]"
Images\VID_192010131_100943_656_exported_4266.jpg,"[122, 109, 101][154, 143, 137][141, 128, 112][172, 162, 153][103, 87, 74]"
Images\Vormittags stirbt man.jpg,"[161, 165, 168][51, 57, 31][230, 233, 224][224, 215, 198][72, 120, 166]"
Images\Wald 23. Dezember.JPG,"[107, 108, 103][26, 28, 27][50, 54, 53][77, 79, 76][152, 155, 148]"
